-- MySQL dump 10.13  Distrib 5.7.26-29, for Linux (x86_64)
--
-- Host: localhost    Database: a0330028_webgamestore
-- ------------------------------------------------------
-- Server version	5.7.26-29

/*!40101 SET @OLD_CHARACTER_SET_CLIENT=@@CHARACTER_SET_CLIENT */;
/*!40101 SET @OLD_CHARACTER_SET_RESULTS=@@CHARACTER_SET_RESULTS */;
/*!40101 SET @OLD_COLLATION_CONNECTION=@@COLLATION_CONNECTION */;
/*!40101 SET NAMES utf8mb4 */;
/*!40103 SET @OLD_TIME_ZONE=@@TIME_ZONE */;
/*!40103 SET TIME_ZONE='+00:00' */;
/*!40014 SET @OLD_UNIQUE_CHECKS=@@UNIQUE_CHECKS, UNIQUE_CHECKS=0 */;
/*!40014 SET @OLD_FOREIGN_KEY_CHECKS=@@FOREIGN_KEY_CHECKS, FOREIGN_KEY_CHECKS=0 */;
/*!40101 SET @OLD_SQL_MODE=@@SQL_MODE, SQL_MODE='NO_AUTO_VALUE_ON_ZERO' */;
/*!40111 SET @OLD_SQL_NOTES=@@SQL_NOTES, SQL_NOTES=0 */;
/*!50717 SELECT COUNT(*) INTO @rocksdb_has_p_s_session_variables FROM INFORMATION_SCHEMA.TABLES WHERE TABLE_SCHEMA = 'performance_schema' AND TABLE_NAME = 'session_variables' */;
/*!50717 SET @rocksdb_get_is_supported = IF (@rocksdb_has_p_s_session_variables, 'SELECT COUNT(*) INTO @rocksdb_is_supported FROM performance_schema.session_variables WHERE VARIABLE_NAME=\'rocksdb_bulk_load\'', 'SELECT 0') */;
/*!50717 PREPARE s FROM @rocksdb_get_is_supported */;
/*!50717 EXECUTE s */;
/*!50717 DEALLOCATE PREPARE s */;
/*!50717 SET @rocksdb_enable_bulk_load = IF (@rocksdb_is_supported, 'SET SESSION rocksdb_bulk_load = 1', 'SET @rocksdb_dummy_bulk_load = 0') */;
/*!50717 PREPARE s FROM @rocksdb_enable_bulk_load */;
/*!50717 EXECUTE s */;
/*!50717 DEALLOCATE PREPARE s */;

--
-- Table structure for table `basket`
--

DROP TABLE IF EXISTS `basket`;
/*!40101 SET @saved_cs_client     = @@character_set_client */;
/*!40101 SET character_set_client = utf8 */;
CREATE TABLE `basket` (
  `id` int(11) NOT NULL AUTO_INCREMENT,
  `user_id` int(11) NOT NULL,
  `product_id` int(11) NOT NULL,
  `status` int(1) NOT NULL DEFAULT '1',
  `created_at` timestamp NOT NULL DEFAULT CURRENT_TIMESTAMP,
  `updated_at` timestamp NULL DEFAULT NULL ON UPDATE CURRENT_TIMESTAMP,
  PRIMARY KEY (`id`)
) ENGINE=InnoDB AUTO_INCREMENT=49 DEFAULT CHARSET=utf8 COLLATE=utf8_unicode_ci;
/*!40101 SET character_set_client = @saved_cs_client */;

--
-- Dumping data for table `basket`
--

LOCK TABLES `basket` WRITE;
/*!40000 ALTER TABLE `basket` DISABLE KEYS */;
INSERT INTO `basket` (`id`, `user_id`, `product_id`, `status`, `created_at`, `updated_at`) VALUES (1,1,3,2,'2019-10-03 10:48:12','2019-10-03 10:49:00'),(2,1,6,2,'2019-10-03 11:02:16','2019-10-03 11:10:58'),(3,1,1,2,'2019-10-03 11:08:11','2019-10-03 11:10:58'),(4,1,5,2,'2019-10-03 11:12:24','2019-10-03 11:16:28'),(5,4,5,0,'2019-10-03 11:17:25','2019-10-03 13:07:43'),(6,4,3,0,'2019-10-03 11:17:33','2019-10-03 11:20:33'),(7,1,6,2,'2019-10-03 11:18:09','2019-10-03 11:18:30'),(8,1,4,2,'2019-10-03 11:18:21','2019-10-03 11:18:30'),(9,1,7,2,'2019-10-03 11:19:04','2019-10-03 11:19:10'),(10,1,5,0,'2019-10-03 11:40:13','2019-10-03 17:37:59'),(11,4,4,0,'2019-10-03 13:12:04','2019-10-03 13:12:10'),(12,1,2,0,'2019-10-03 16:05:28','2019-10-03 20:45:40'),(13,1,2,2,'2019-10-03 17:53:40','2019-10-06 06:31:07'),(14,1,6,0,'2019-10-03 17:57:21','2019-10-06 06:29:10'),(15,4,4,0,'2019-10-03 18:13:05','2019-10-03 18:42:39'),(16,1,16,0,'2019-10-05 13:15:54','2019-10-06 06:29:15'),(17,1,2,0,'2019-10-06 06:31:18','2019-10-08 14:52:16'),(18,4,5,0,'2019-10-06 14:06:26','2019-10-06 14:06:43'),(19,1,14,0,'2019-10-09 18:34:01','2019-10-09 18:34:05'),(20,1,5,0,'2019-10-15 17:51:07','2019-11-02 11:22:02'),(21,4,25,2,'2019-10-16 04:05:16','2019-10-16 04:05:25'),(22,3,25,0,'2019-10-19 02:38:12','2020-02-06 09:41:57'),(23,5,5,0,'2019-10-20 06:55:56','2019-11-02 11:22:02'),(24,2,2,2,'2019-10-24 14:26:20','2019-10-24 14:26:26'),(25,27,25,1,'2019-11-10 10:18:04','2019-11-10 10:18:04'),(26,37,1,0,'2019-11-17 05:34:33','2019-11-17 05:34:44'),(27,1,25,1,'2019-11-23 18:02:32','2019-11-23 18:02:32'),(28,77,2,1,'2019-12-13 04:05:39','2019-12-13 04:05:39'),(29,80,24,0,'2019-12-15 13:11:10','2019-12-15 13:11:15'),(30,82,25,1,'2019-12-16 14:09:30','2019-12-16 14:09:30'),(31,98,12,0,'2020-01-10 12:54:51','2020-01-10 13:23:03'),(32,101,53,1,'2020-01-11 00:41:41','2020-01-11 00:41:41'),(33,103,2,1,'2020-01-12 10:38:06','2020-01-12 10:38:06'),(34,80,2,0,'2020-01-16 13:09:52','2020-01-16 13:09:57'),(35,114,69,1,'2020-01-26 06:17:31','2020-01-26 06:17:31'),(36,114,15,1,'2020-01-26 06:17:33','2020-01-26 06:17:33'),(37,114,11,2,'2020-01-26 06:37:51','2020-01-26 06:43:05'),(38,115,5,1,'2020-01-26 14:15:50','2020-01-26 14:15:50'),(39,2,1,2,'2020-01-31 07:16:31','2020-01-31 07:16:44'),(40,91,5,1,'2020-02-01 09:17:26','2020-02-01 09:17:26'),(41,129,19,0,'2020-02-01 10:16:25','2020-02-01 10:16:36'),(42,143,60,1,'2020-02-08 15:53:11','2020-02-08 15:53:11'),(43,146,5,1,'2020-02-12 11:39:18','2020-02-12 11:39:18'),(44,158,20,0,'2020-02-23 12:38:25','2020-02-24 06:53:20'),(45,158,19,0,'2020-02-23 12:53:41','2020-02-24 06:53:28'),(46,158,13,0,'2020-02-23 13:32:51','2020-02-24 06:53:33'),(47,144,24,1,'2020-02-26 13:50:42','2020-02-26 13:50:42'),(48,157,25,1,'2020-02-29 04:13:09','2020-02-29 04:13:09');
/*!40000 ALTER TABLE `basket` ENABLE KEYS */;
UNLOCK TABLES;

--
-- Table structure for table `categories`
--

DROP TABLE IF EXISTS `categories`;
/*!40101 SET @saved_cs_client     = @@character_set_client */;
/*!40101 SET character_set_client = utf8 */;
CREATE TABLE `categories` (
  `id` int(11) NOT NULL AUTO_INCREMENT,
  `name` varchar(255) COLLATE utf8_unicode_ci NOT NULL,
  `status` int(11) NOT NULL DEFAULT '1',
  `created_at` timestamp NULL DEFAULT CURRENT_TIMESTAMP,
  `updated_at` timestamp NULL DEFAULT NULL ON UPDATE CURRENT_TIMESTAMP,
  PRIMARY KEY (`id`)
) ENGINE=InnoDB AUTO_INCREMENT=14 DEFAULT CHARSET=utf8 COLLATE=utf8_unicode_ci;
/*!40101 SET character_set_client = @saved_cs_client */;

--
-- Dumping data for table `categories`
--

LOCK TABLES `categories` WRITE;
/*!40000 ALTER TABLE `categories` DISABLE KEYS */;
INSERT INTO `categories` (`id`, `name`, `status`, `created_at`, `updated_at`) VALUES (1,'Рулетки',1,'2019-08-24 19:28:57','2019-10-08 14:52:59'),(2,'Магазины',1,'2019-08-24 19:29:09','2019-09-25 18:22:03'),(3,'Кейсы',1,'2019-08-24 19:29:18','2019-10-08 14:52:57'),(4,'Услуги',1,'2019-08-24 19:29:28',NULL),(5,'Хайпы',1,'2019-08-24 19:29:40','2019-10-04 12:44:21'),(6,'БК | Прогнозы',1,'2019-10-03 19:04:14','2019-10-04 12:43:59'),(7,'Фейки',1,'2019-10-03 19:05:16','2019-10-04 12:43:03'),(8,'Социальные сети | Продвижение',1,'2019-10-04 12:45:03','2019-10-04 12:45:03'),(9,'Антикино',1,'2019-10-04 12:46:24','2019-10-04 12:46:24'),(10,'Приём платежей',1,'2019-10-21 07:24:31','2019-10-21 07:42:17'),(11,'Симулятор',1,'2019-10-21 07:49:03','2019-10-21 07:49:03'),(12,'Аукционы',1,'2019-10-21 08:22:18','2019-10-21 08:22:18'),(13,'VGO',1,'2019-10-21 09:04:03','2019-10-21 09:04:03');
/*!40000 ALTER TABLE `categories` ENABLE KEYS */;
UNLOCK TABLES;

--
-- Table structure for table `faq`
--

DROP TABLE IF EXISTS `faq`;
/*!40101 SET @saved_cs_client     = @@character_set_client */;
/*!40101 SET character_set_client = utf8 */;
CREATE TABLE `faq` (
  `id` int(11) NOT NULL AUTO_INCREMENT,
  `title` varchar(255) NOT NULL,
  `text` varchar(255) NOT NULL,
  `status` int(11) NOT NULL DEFAULT '1',
  `created_at` timestamp NOT NULL DEFAULT CURRENT_TIMESTAMP,
  `updated_at` timestamp NULL DEFAULT NULL ON UPDATE CURRENT_TIMESTAMP,
  PRIMARY KEY (`id`)
) ENGINE=InnoDB AUTO_INCREMENT=4 DEFAULT CHARSET=utf8;
/*!40101 SET character_set_client = @saved_cs_client */;

--
-- Dumping data for table `faq`
--

LOCK TABLES `faq` WRITE;
/*!40000 ALTER TABLE `faq` DISABLE KEYS */;
INSERT INTO `faq` (`id`, `title`, `text`, `status`, `created_at`, `updated_at`) VALUES (1,'А скрипты не паблик?','Некоторые скрипты(в данный момент их нет) были взяты из публичного доступа или же были куплены в других магазинах. НО! У нас есть человек, который всё перерабатывает/добавляет и устраняет все проблемы.',1,'2019-08-23 13:19:12',NULL),(2,'Товар не работает, что делать?','Напишите нам в поддержку: vk.com/webgamestore',1,'2019-08-23 13:19:12',NULL),(3,'Оплата не работает, что делать?','Напишите в поддержку',1,'2019-08-23 13:19:12',NULL);
/*!40000 ALTER TABLE `faq` ENABLE KEYS */;
UNLOCK TABLES;

--
-- Table structure for table `news`
--

DROP TABLE IF EXISTS `news`;
/*!40101 SET @saved_cs_client     = @@character_set_client */;
/*!40101 SET character_set_client = utf8 */;
CREATE TABLE `news` (
  `id` int(11) NOT NULL AUTO_INCREMENT,
  `title` varchar(255) NOT NULL,
  `image` varchar(255) NOT NULL,
  `description` text CHARACTER SET utf8mb4 COLLATE utf8mb4_unicode_ci NOT NULL,
  `status` int(1) NOT NULL DEFAULT '1',
  `created_at` timestamp NOT NULL DEFAULT CURRENT_TIMESTAMP,
  `updated_at` timestamp NULL DEFAULT NULL ON UPDATE CURRENT_TIMESTAMP,
  PRIMARY KEY (`id`)
) ENGINE=InnoDB AUTO_INCREMENT=5 DEFAULT CHARSET=utf8;
/*!40101 SET character_set_client = @saved_cs_client */;

--
-- Dumping data for table `news`
--

LOCK TABLES `news` WRITE;
/*!40000 ALTER TABLE `news` DISABLE KEYS */;
INSERT INTO `news` (`id`, `title`, `image`, `description`, `status`, `created_at`, `updated_at`) VALUES (1,'Открытие сайта','https://itllc.ru/upload/iblock/360/3604c32cdcd6a004ce8c808ff7318281.jpg','Скоро состоится открытие нашего сайта. Дата открытия будет известна позже',1,'2019-08-23 13:19:12','2019-10-15 18:20:07'),(2,'Активная разработка','http://нипигорногодела.рф/upload/medialibrary/8d6/8d6600508b0f7d6241047ccd77c7a510.jpg','Мы ведем активную разработку сайта. Ожидайте новостей.',1,'2019-08-29 22:55:00','2019-08-29 22:55:28'),(3,'Открытие','http://martmebel.ru/upload/iblock/7a5/7a55e887b986270c441d805834c2afba.png','Сайт полностью готов. Готовимся к открытию',1,'2019-10-15 19:09:24','2019-10-15 19:09:24'),(4,'WEBGAMESTORE и Команда','https://i.imgur.com/juvK6uq.png','Ну началось !!! \r\n\r\nДавно хотелось познакомиться но все как то не получалось....... НО теперь мы готовы! \r\n\r\nНебольшое предисловие:\r\n\r\nМы лично считаем что Команда одна из самых главных показателей любой сферы и залог успеха всего и вся!  И мы рады бороться за ваше вас и вообще доверие!\r\n\r\nИ так Здравствуй!\r\n\r\nЛоготипы:\r\n\r\nLogo maker - общий стаж работы не считая высшего учебного заведения более 10 лет !!!\r\nОпыт работы с такими клиентами как:\r\n- МКБ (Московский кредитный банк)\r\n- Гос. учреждения\r\n- Гос. тендеры\r\n- Онлайн кинотеатр (deep.movie)\r\n- Личные бренды\r\n\r\nДизайн:\r\n\r\nMotion design, WEB и не только!\r\n\r\nОпыт работы более 7 лет, опыт на рынке более 5! \r\n\r\nВладения технологиями как:\r\n- UI | UX \r\n- 3D MAX \r\n- Figma\r\n- Sketch\r\nИ многие другие !!!\r\n\r\nFront-end (фронт)\r\n\r\nТут аж целых 4 мастера спешащих вам помочь !!!\r\n\r\n- Junior Developer\r\n- Middle  Developer\r\n- Midle++ Developer\r\n- Senior Developer\r\n\r\nОпыт и стаж этих людей начинается от 2 лет до 8 🤗\r\n\r\nВладеют такими технологиями работы как:\r\n- HTML5\r\n- CSS3\r\n- W3C\r\n- jQuery\r\n- Bootstrap \r\n- JavaScript\r\n- Vue.js\r\n- React.js\r\n- Meteor.js\r\n\r\nА так же:\r\n⚙️Адаптивность\r\n⚙️Минимум кода\r\n⚙️Высокая скорость загрузки страниц\r\n⚙️Семантичность\r\n⚙️Валидность\r\n\r\nBack-end (Бэк)\r\n\r\nА тут у нас все серьёзнее и кропотливее.... 3 специалиста высшего уровня к вашему распоряжению  !!!\r\n\r\n- Middle Devloper\r\n- Middle++ Developer\r\n- Senior Developer\r\n\r\nОпыт и стаж этой  «троицы» начинается от 5 лет до 8 🤝\r\n\r\nВлюблены в  своих «любимых»  :\r\n\r\n- PHP\r\n- Laravel\r\n- Phalcon\r\n- RUBY\r\n- Phyton\r\n- C#\r\nА так же:\r\n🔧 SQL\r\n🔧 Mysqli\r\n🔧Mongo\r\n🔧XML \r\n\r\nИ многие другие!!!\r\n\r\nПродвижение:\r\n\r\n👑Маркетолог/Таргетолог/SMM - этот человек дела знающий и любящий свою работу и дело жизни !!! \r\n\r\nОпыт работы как с рекламными агенствами так и с любыми типами социальных сетей🌟\r\n\r\nВладеющий такими технологиями и знаниями как:\r\n\r\n- Таргетированная  реклама\r\n- Ретаргетинг\r\n- Гео таргет\r\n- SEO\r\n- SMM\r\n- Нейромаркетинг\r\n\r\nИндивидуальный подход к каждому и нахождение в любых ситуаций истинного пути и решения любых проблем 😊',1,'2019-10-25 08:18:08','2019-10-25 09:04:01');
/*!40000 ALTER TABLE `news` ENABLE KEYS */;
UNLOCK TABLES;

--
-- Table structure for table `payments`
--

DROP TABLE IF EXISTS `payments`;
/*!40101 SET @saved_cs_client     = @@character_set_client */;
/*!40101 SET character_set_client = utf8 */;
CREATE TABLE `payments` (
  `id` int(11) NOT NULL AUTO_INCREMENT,
  `secret` varchar(255) NOT NULL,
  `merchant_id` varchar(255) NOT NULL,
  `order_id` varchar(255) NOT NULL,
  `sum` int(11) NOT NULL,
  `user_id` varchar(255) NOT NULL,
  `status` int(1) NOT NULL DEFAULT '0',
  `created_at` timestamp NOT NULL DEFAULT CURRENT_TIMESTAMP,
  `updated_at` timestamp NULL DEFAULT NULL,
  PRIMARY KEY (`id`)
) ENGINE=InnoDB AUTO_INCREMENT=6 DEFAULT CHARSET=utf8;
/*!40101 SET character_set_client = @saved_cs_client */;

--
-- Dumping data for table `payments`
--

LOCK TABLES `payments` WRITE;
/*!40000 ALTER TABLE `payments` DISABLE KEYS */;
INSERT INTO `payments` (`id`, `secret`, `merchant_id`, `order_id`, `sum`, `user_id`, `status`, `created_at`, `updated_at`) VALUES (1,'24b746a7672a0dd9ac9a7d3161da9c39','160834','2',9,'260291472',1,'2019-10-27 10:29:34','2019-10-27 07:29:34'),(2,'642e087665ae553e6d88c45f126e7ed9','160834','4',1,'326588498',1,'2019-11-14 10:32:06','2019-11-14 07:32:06'),(3,'f2579d6abd1531215fc613505b5c9bfe','160834','6',600,'484230712',1,'2019-12-14 07:29:37','2019-12-14 04:29:37'),(4,'d0ba2e3745195289a909a1a905d46fa5','160834','16',800,'178681486',1,'2020-01-26 09:42:44','2020-01-26 06:42:44'),(5,'b35b25454d3b10f931e1f8a0d43e5389','160834','18',890,'454400496',1,'2020-02-08 09:11:42','2020-02-08 06:11:42');
/*!40000 ALTER TABLE `payments` ENABLE KEYS */;
UNLOCK TABLES;

--
-- Table structure for table `products`
--

DROP TABLE IF EXISTS `products`;
/*!40101 SET @saved_cs_client     = @@character_set_client */;
/*!40101 SET character_set_client = utf8 */;
CREATE TABLE `products` (
  `id` int(11) NOT NULL AUTO_INCREMENT,
  `title` varchar(255) COLLATE utf8_unicode_ci NOT NULL,
  `description` text CHARACTER SET utf8mb4 COLLATE utf8mb4_unicode_ci,
  `image` varchar(255) COLLATE utf8_unicode_ci DEFAULT NULL,
  `price` double(20,2) NOT NULL,
  `category_id` int(11) DEFAULT NULL,
  `purchases` int(11) NOT NULL DEFAULT '0',
  `download_link` varchar(255) COLLATE utf8_unicode_ci DEFAULT NULL,
  `download_pass` varchar(255) COLLATE utf8_unicode_ci DEFAULT NULL,
  `status` int(1) NOT NULL DEFAULT '1',
  `created_at` timestamp NOT NULL DEFAULT CURRENT_TIMESTAMP,
  `updated_at` timestamp NULL DEFAULT NULL ON UPDATE CURRENT_TIMESTAMP,
  PRIMARY KEY (`id`)
) ENGINE=InnoDB AUTO_INCREMENT=84 DEFAULT CHARSET=utf8 COLLATE=utf8_unicode_ci;
/*!40101 SET character_set_client = @saved_cs_client */;

--
-- Dumping data for table `products`
--

LOCK TABLES `products` WRITE;
/*!40000 ALTER TABLE `products` DISABLE KEYS */;
INSERT INTO `products` (`id`, `title`, `description`, `image`, `price`, `category_id`, `purchases`, `download_link`, `download_pass`, `status`, `created_at`, `updated_at`) VALUES (1,'Скрипт рулетки Dragonmoney с админкой','Скрипт рулетки Dragonmoney с админкой - отличный выбор для бюджетного сайта. Пофикшены баги, изменили дизайн.\r\nРежимы: Jacpot (Три команты, которые настраиваются в админке)\r\n\r\nDouble (Настраивается в админке, имеется подкрутка)\r\n\r\nPVP (Создаются комнаты игроками, и играют между собой)\r\n\r\nИгровой режим crash бета версия.\r\n\r\nВ товар входит оригинальный скрипт лайв-лото, с фиксами и работоспособными функциями, с полной админкой.\r\n\r\nВ инструкции будет указаны все детали, касательно настройки скрипта, подключение базы, настройка серве','https://i.imgur.com/YontINF.jpg',2000.00,1,0,'https://yadi.sk/d/nOUXcuuA39CBJQ',NULL,1,'2019-08-24 12:42:06','2020-01-31 07:16:44'),(2,'Скрипт уникальной рулетки KPDBET','Скрипт уникальной рулетки KPDBET -  kpdbet.com \r\n\r\nОписание скрипта:\r\n\r\nFront-end\r\nVue.js\r\nNode.js (express)\r\njQerly\r\n\r\nBack-end\r\nNode.js\r\nLaravel\r\nAngularJS\r\nPHP\r\nsocket\r\n\r\nРежимы игры:\r\n\r\nCRASH -\r\n1.Полностью рабочий анимированно краш.\r\n2.Присутствуют все необходимые звуки.\r\n3.Возможность подкрутки.\r\n4.Возможность CASHOUT.\r\n5.В блоках показан последний «Х» краша, с последующими изменениями «Х» раундов.\r\n\r\nDICE -\r\n1.Анимированный прирост/убывание % на победу умножение X.\r\n2.История ставок\r\n3.Общая история кол-вк ставок.\r\n4.На гл','https://i.imgur.com/3eWUAnR.jpg',5000.00,1,0,NULL,NULL,1,'2019-08-24 12:44:18','2019-10-24 14:26:26'),(3,'Скрипт сайта PAPA.MONEY FULL','Скрипт сайта PAPA.MONEY FULL\r\n\r\nОчень большой функционал в Админ-панели.\r\nДержит большой онлайн.\r\nЕсть системы \"Анти-минус\", уникальные для каждой игры.\r\n\r\nСкрипта нет в паблике, все системы написаны с нуля.\r\n\r\nИгры\r\n- CRASH\r\n- DOUBLE\r\n- DICE\r\n- JACKPOT\r\n- PVP\r\n- BATTLE\r\n- LOTTERY (по желанию)\r\n- CASE (по желанию, в доработке)\r\n\r\nФункционал\r\n- Уникальный дизайн и приятный, есть много анимаций\r\n- Мобильная версия сайта\r\n- Оплата Free-Kassa / Вывод Free-Kassa\r\n- Проверка честности игр\r\n- Переод монет\r\n- История счета (История попол','https://i.imgur.com/p3Ny7Ty.png',2990.00,1,0,NULL,NULL,1,'2019-08-24 12:47:04','2019-10-21 11:23:34'),(4,'Установка любой рулетки','Установка любых скриптов: dragonmoney, nvuti, kpdbet, papa.money и другие','https://i.imgur.com/8vMzy1H.jpg',490.00,4,0,NULL,NULL,1,'2019-08-24 12:42:06','2019-10-07 12:55:52'),(5,'Скрипт STEEL.CASH','Скрипт STEEL.CASH и так немного о скрипте:\r\n2 счета - бонусный и реальный, даст возможность протестировать сайт не пополняя баланс.\r\n\r\nБесплатные монеты - возможность настроить сколько будет выпадать, и как часто игрок сможет их получать http://prntscr.com/ojkt9a$$8203$$\r\n\r\nТребование вступить в группу​\r\nПриз за 8 рефералов​\r\nПромокоды - возможность создания, количество и сумма монет, так же выбор на бонусный счет или реальный\r\nРефералы - 5% от победы начисляется пригласившему, так же 0.50 при регистрации \r\nРаздача - возможность','https://i.imgur.com/WNk4GNT.png',3999.00,1,1,'https://yadi.sk/d/fu2P7XgujUPsew',NULL,1,'2019-08-24 12:44:18','2020-02-24 12:43:42'),(6,'Скрипт WEBGAMESTORE','Скрипт нашего магазина:\r\n\r\nЦена и варианты обсуждаются индивидуально.','https://i.imgur.com/EiOAqC8.png',1.00,2,1,NULL,NULL,1,'2019-08-24 12:47:04','2019-11-14 07:32:34'),(7,'Разработка индивидуального проекта','Создание Уникального проекта происходит в несколько этапов:\r\n\r\n⚙️Мозговой штурм\r\n⚙️Обсуждение до крупиц с заказчиком все деталий, пожеланий.\r\n⚙️Позиционирование проекта.\r\n⚙️Предложение обоих сторон.\r\n⚙️Виденье обеих сторон.\r\n⚙️Предоставление вариантов на выбор(дизайн,расположений) до результата.\r\n⚙️Скрупулёзная работа на совесть и результат.\r\n⚙️Задача уже готового и уникального проекта.\r\n\r\nP.S Так же цена обговариваемая как и все моменты Индивидуального Заказа.','https://i.imgur.com/kguXZJd.jpg',1.00,4,0,NULL,NULL,1,'2019-09-05 20:13:36','2019-10-10 09:36:34'),(8,'Скрипт рулетки CSGOHIK','Скрипт рулетки CSGOHIK\r\nИсправлено много багов\r\nРабочий бот\r\nVGO скины','https://prowebber.ru/uploads/posts/2018-03/1519895053_ruletka.png',490.00,1,0,'https://yadi.sk/d/58lnnHjsXrmPag',NULL,1,'2019-10-03 19:21:03','2019-10-23 04:44:28'),(9,'Скрипт HUDRA.ONION','Скрипт hydra.onion(гидра) \r\n\r\nФункционал :\r\n-Все что есть на оф.сайте HYDRA есть здесь ( Обновление сайта в реальном времени с HYDRA ).\r\n\r\n-Админ панель для удобной работы с настройками и аккаунтами.\r\n\r\n-Статистика: *Дата, Посетители, Авторизации, Успешные авторизации, общий баланс. -Возможность подключить бота Telegram прям в админ панели.\r\n\r\n-Возможность отключить запись невалида в панель.\r\n-Возможность отключить приход невалида в Telegram.\r\n\r\n-Отправка аккаунтов в Telegram.\r\n\r\n-Выгрузка аккаунтов по критериям.\r\n\r\n-Отображение ','https://i.imgur.com/q4Zovyx.jpg',5990.00,7,0,'https://yadi.sk/d/NPtJte1AH_FwpA',NULL,1,'2019-10-04 07:07:09','2019-10-23 04:46:17'),(10,'Скрипт Антикино |Боулинг |Отель |Приват платежка','Хороший скрипт под скам а так же:\r\nСайт Боулинг.\r\nСайт VR.\r\nСайт Антикино.\r\nСайт отель.\r\nПриватная плежная система.\r\nА так же:\r\nАвтовыплаты, спамерка, платежка с2с, 5 скам сайтов и\r\nАдминка','https://i.imgur.com/5tzKoOG.jpg',2990.00,9,0,'https://yadi.sk/d/h0uKtyMcddDZjg',NULL,1,'2019-10-04 13:33:55','2019-10-23 04:49:54'),(11,'Скрипт Магазина CHEAPKEYS','Скрипт рандомных ключей:\r\n\r\n- Сайт хорошо подойдет для продаж а так же для тематики игр.\r\n\r\nCHEAPKEYS - это \"индивидуальный\" сайт в игровой тематике, т.е. он никак не похож на своих конкурентов.\r\nВоспользуйтесь и вы этим! \r\nЗарабатывайте деньги на играх, теперь это реально!\r\nЧтобы начать заработок просто купите скрипт и установку к нему.','https://i.imgur.com/bK7pTsu.jpg',790.00,2,0,'https://yadi.sk/d/G5lgGZGh7xQ_UQ',NULL,1,'2019-10-04 13:39:23','2020-01-26 06:43:05'),(12,'Скрипт Букмекерской Конторы','Скрипт идеально подойдёт для мобильной версии БК.\r\n\r\nНовая версия - новые возможности.\r\nИтак, теперь у системы следующий функционал:\r\nОбычному пользователю доступно:\r\n- Анкета (редактирование своих реквизитов)\r\n- Ввод средств\r\n- Вывод средств\r\n- Мои ставки (просмотр всех событий, на которые ставил пользователь с указание статусов: в игре, проигран, выигран)\r\n- Чат (в чате имеется панель настроек, которая видна только админу)\r\n- Live-результаты\r\n- Собственно, сама процедура ставки на событие пользователю тоже доступна =)\r\n\r\nФункци','https://i.imgur.com/J8zoyF6.jpg',2290.00,6,0,'https://yadi.sk/d/tsmMLNk_5T41Bw',NULL,1,'2019-10-04 13:59:32','2019-10-21 04:43:22'),(13,'Скрипт Ставок на киберспорт KPDBET','- Самый лучший скрипт для киберспорта и ставок на них!\r\n- Идёт индивидуальный подход а так же:\r\nПолностью написанный с 0 скрипт ставок на киберспорт, передача всех файлов, установка объяснение специфики.\r\nАдминка','https://i.imgur.com/bX9k4bS.jpg',9990.00,6,0,NULL,NULL,1,'2019-10-04 14:03:47','2019-10-15 08:40:07'),(14,'Скрипт CSGOPOSITIVE','Полностью точная копи сайта - csgopositive.com\r\nДобавление ставок.\r\nРедактирование лиг.\r\nАдминка.\r\nИ тп.','https://i.imgur.com/nnsbTWs.jpg',1990.00,6,0,'https://yadi.sk/d/iKhEttHxUMAd-w',NULL,1,'2019-10-04 14:06:53','2019-10-21 04:44:01'),(15,'Скрипт Магазина DIAMONDKEYS','Скрипт Магазина DIAMONDKEYS \r\n- Хороший скрипт вместе с кейсами diamondkeys\r\n- Красивый дизайн.\r\n- Админка.\r\n- Кейсы.','https://sun9-7.userapi.com/c845020/v845020432/200529/ENgfefQ8Y6A.jpg',990.00,2,0,'https://yadi.sk/d/1FoqilnWy06Vhg',NULL,1,'2019-10-04 14:12:33','2019-10-21 04:44:32'),(16,'Скрипт магазина WARFACE','Хороший скрипт магазина warface.\r\n- Красивый дизайн.\r\n- Удобная админка.\r\n- DLE.\r\n- Интеграция.','https://sun9-41.userapi.com/c855736/v855736973/50704/d2SoGqN-nW8.jpg',1990.00,2,0,'https://yadi.sk/d/hjlcQGgRYzquiQ',NULL,1,'2019-10-04 14:42:54','2019-10-23 05:51:15'),(17,'Скрипт накрутки INSTAGRAM PRO','Скрипт накрутки инстаграм про.\r\nХороший SMM инструмент для бизнеса и не только.\r\n\r\nФункционал:\r\n- API\r\n- платежи FreeKassa\r\n- Рефералка\r\nвсё остальное сами смотрите, очень большая, гибкая админка.\r\nВ архиве БД + инструкции как настраивать и что делать.','https://sun9-4.userapi.com/c855136/v855136949/d06c1/Ot719r_5sXs.jpg',4990.00,8,0,'https://yadi.sk/d/GUCNtEmAm_F_pQ',NULL,1,'2019-10-04 14:45:23','2019-10-21 04:45:42'),(18,'Скрипт SPORT PREDICTION','Очень качественный скрипт прогнозов на спорт.\r\n\r\nSports Predictions - компонент спортивных прогнозов для Joomla\r\n\r\n- 3D Web Design. \r\n\r\nРасширение используются для прогнозирования исходов матчей в таких видах спорта как : футбол, баскетбол, хоккей, теннис, бильярд, шахматы и т.д.\r\n\r\nДемо - https://www.soccerpredictions.tips/','https://sun9-71.userapi.com/c854016/v854016238/10b164/rC-iH5xcMZI.jpg',2200.00,6,0,'https://yadi.sk/d/GYkM_XBLYP4xFw',NULL,1,'2019-10-04 14:47:20','2019-10-21 04:46:33'),(19,'Скрипт Прогнозов на спорт','Хороший скрипт прогнозов на спортивные события.\r\nCкрипт системы прогнозирования результатов спортивных соревнований. \r\nСкрипт в версии \r\n- имеет русский язык, автоустановщик, автоматическое обновление событий и коэффициентов, возможность размещать новости и прямые трансляции, страницы архива и статистики по командам.','https://sun9-44.userapi.com/c855424/v855424238/108abc/77aJDbLe2W4.jpg',1990.00,6,0,'https://yadi.sk/d/BkX2es_13OJRxw',NULL,1,'2019-10-04 14:48:51','2019-10-21 04:47:20'),(20,'Скрипт BET24','BET24 - это полноценная платформа для ставок на спорт, разработанная для тех, кто хочет открыть собственный сайт для ставок на спорт. \r\n\r\nBet24 - это комплексное решение для всех видов спортивных ставок, его сценарий прекрасно работает для всех устройств.','https://sun9-57.userapi.com/c858024/v858024238/902ec/XoYrzH-6MOU.jpg',4990.00,6,0,'https://yadi.sk/d/_qw1Ku08QXIIfA',NULL,1,'2019-10-04 14:49:54','2019-10-23 06:01:20'),(21,'Скрипт RETROBET','Скрипт Букмекерской конторы RETROBET \r\n- Хороший скрипт для будущей букмекерской конторы.\r\n- Дизайн классический, подойдёт для любого.\r\n- Хорошая качественная админка. \r\n- Казино.','https://sun9-21.userapi.com/c854324/v854324301/1108ff/o353BJS5k04.jpg',2190.00,6,0,'https://yadi.sk/d/yF7hP2RxuzkTRw',NULL,1,'2019-10-04 14:52:01','2019-10-21 04:50:23'),(22,'Скрипт Скама скинов','Годный скрипт подойдёт для скама вещей ксго и других.\r\n- Хороший гибкий скрипт.\r\n- Логи.\r\n- SEO.\r\n- Админка.','https://sun9-13.userapi.com/c857528/v857528949/56f7c/DfaShI2DXGk.jpg',1990.00,7,0,'https://yadi.sk/d/_lYrZZDMC7XwOw',NULL,1,'2019-10-04 14:53:48','2019-10-21 04:55:49'),(23,'Скрипт NINJA','Красивый дизайн скрипта NiNGA подойдёт под скам,хайп и тп.\r\nАдминка и красивый дизайн не оставят равнодушным.','https://sun9-69.userapi.com/c854216/v854216949/d4d4a/DOIkf_cqYHM.jpg',1290.00,5,0,'https://yadi.sk/d/S9rpTTh1IZsgFA',NULL,1,'2019-10-04 14:55:17','2019-10-23 05:04:57'),(24,'Скрипт NINETYSIX','Скрипт легендарного ninetysix и продажа его напрямую от разработчика. Аналог NVUTI\r\n\r\nДемо тут - https://www.youtube.com/watch?v=09zkYE3-gSU&t=2s\r\n\r\nАвторизация (инстаграмм,вк).\r\nРегистрация.\r\nСсылки на группы вк,инстаграмм.\r\nМультиязычность.\r\nПромокод.\r\nНастройка (смена пароля).\r\nВосстановление пароля.\r\nЗащита csrf.\r\nОптимизация движка.\r\nАвтобан при создание мультиаккаунтов.\r\nБонус 200% при выпадении «96» в купонах.\r\n\r\nИнтеграция:\r\nPayeer.\r\nFreekassa. \r\n\r\nАдминка \r\n1.Статистика вся\r\n2.Промокоды (создание,управление)\r\n3.Ручные вы','https://i.imgur.com/urU1gU4.jpg',2990.00,1,0,'https://yadi.sk/d/iA3ik-xp67jF5Q',NULL,1,'2019-10-06 07:10:06','2019-10-21 04:56:30'),(25,'Скрипт 11 режимов','Скрипт сервиса мгновенный игр с 11 режимами:\r\n\r\nЗамечательный скрипт для сервиса моментальных игр.\r\n\r\nВсего 11 режимов игры, крутая админка и квесты.\r\nРежимы игры (11) - Jackpot, Duels, Dice, Battle, Cases, Crash, Baccarat, Sic Bo, Tower, Ticket, Battle!','https://i.imgur.com/IO1A2wv.jpg',3990.00,1,0,NULL,NULL,1,'2019-10-07 06:23:24','2020-02-25 11:37:55'),(26,'Скрипт BATTLER','Скрипт BATTLER аналог battle.cash\r\n\r\nПолный скрипт  battler.gg(cc) имеющий все необходимое для полноценного запуска проекта.','https://i.imgur.com/3oDBA3Z.jpg',2990.00,1,0,NULL,NULL,1,'2019-10-07 06:24:47','2019-10-15 09:52:03'),(27,'Скрипт DRAGONMONEY V2','Очень свежий, работающий скрипт. 5 режимов:\r\nDouble, Jackpot, PvP, Dice, Cash Wars.\r\nВсе кроме режима Dice получает прибыль только с комиссии игроков, никакого обмана, т.е можно не скамить а работать честно.\r\nА сам режим Dice работает через сервис Random.org что гарантирует прозрачность игры.\r\n\r\nВ скрипте есть:\r\nБОТЫ - боты играют в режимах Double, Jackpot, Dice они создают видимость игры, на первых этапах это поможет создать атмосферу популярности и повысит спрос\r\nПРОМОКОДЫ - создай в админке промокод укажи количество и приз за ','https://i.imgur.com/JDW7Xh6.jpg',1990.00,1,0,'https://yadi.sk/d/MP3_nOtuAOhMYA',NULL,1,'2019-10-07 06:25:46','2019-10-21 05:14:14'),(28,'Скрипт кейсов MINECRAFTCASE','Полностью готовый скрипт сайта с кейсами по маинкрафту.\r\n\r\nИмеются функции: Крафтинг, стирание карточек, кейсы открытие(рулетка), промокоды , расширенная админ панель с ютюберкой, подкруткой, шансами и прочее, Рефералка, профили, промокоды, категории, готовые кейсы(можно убрать по желанию), красивый дизайн на выбор.\r\nДизайн может быть в темных тонах, отличаться от img товара.','https://i.imgur.com/esJEERz.jpg',1390.00,1,0,'https://yadi.sk/d/I59jzglgxzG-Sg',NULL,1,'2019-10-07 06:27:02','2019-10-21 05:02:29'),(29,'Скрипт слотов и кейсов HUBABET','Очень качественный и годный скрипт на websoket.\r\nАдминка\r\nСкрипт слотов и кейсов HUBABET\r\nКачественный и годный код так же множество слотов.\r\n\r\n1000руб поситителям для понятия игры .\r\nМножество слотов .\r\nПеределка под себя.','https://i.imgur.com/9ObPP2x.jpg',8990.00,3,0,NULL,NULL,1,'2019-10-07 06:29:37','2019-10-07 13:04:37'),(30,'Скрипт PUBG CASE','Скрипт опенкейс сайта PUBG тематика и дизайн хорошо подойдет для начала работы.\r\n\r\nОткрытие кейсов\r\nВывод/Продажа\r\nLaravel Framework\r\nОплата FreeKassa','https://i.imgur.com/ubVaUVR.jpg',1390.00,3,0,'https://yadi.sk/d/ruyWktLXpIGmWg',NULL,1,'2019-10-07 06:30:49','2019-10-21 05:02:58'),(31,'Скрипт GOLDMONEY','Сайт рулетка и не только Скрипт GOLDMONEY идеальный выбор для начала своей карьеры в рулетках.\r\n\r\nЕсть 3 режима\r\n1 Джекпот 3 комнаты\r\n2 сундуки\r\n3 кейсы','https://i.imgur.com/1y4Lmpt.jpg',890.00,1,0,'https://yadi.sk/d/CimPQcaNXzs_YA',NULL,1,'2019-10-07 06:32:13','2019-10-21 04:58:22'),(32,'Скрипт рулетки CRUTI','Представляю вашему вниманию  онлайн лотереи\r\nСкрипт рулетки CRUTI\r\n\r\nИмеющийся функционал:\r\n\r\n-Авторизация через социальную сеть вконтакте;\r\n\r\n-Платежная система Free-Kassa;\r\n\r\n-Доступны две игры: Jackpot and Double\r\n\r\n-Встроенный онлайн чат;\r\n\r\n-Полноценная панель Администратора;\r\n\r\n-Режим ютубера + можно забанить ;','https://i.imgur.com/TY0QT3W.jpg',890.00,1,0,'https://yadi.sk/d/tKOt4FmwQOsCKA',NULL,1,'2019-10-07 06:33:06','2019-10-21 05:03:35'),(33,'Скрипт кейсов GIFT','Скрипт Сюрприз Бокса Кейсы с подарками.- Это новый скрипт подарков с обновленным дизайном, скрипт полностью рабочий, без багов и дыр. Имеется база данных, и сам скрипт, инструкция по установке в врхиве! Оплата через фри кассу, Так же есть Админ панель','https://i.imgur.com/uv5wpCl.jpg',900.00,3,0,'https://yadi.sk/d/z2nHS91l0rGYYA',NULL,1,'2019-10-07 06:33:48','2019-10-21 05:04:13'),(34,'Скрипт кейсов  World Of Tanks','Скрипт магазина кейсов по игре WOT или же для продажи голды WORLD OF TANKS\r\nИмеется личный кабинет, прямая оплата, админ панель, free-kassa.ru','https://i.imgur.com/QbcICVi.jpg',890.00,3,0,'https://yadi.sk/d/x7_KZbBVaiYmqg',NULL,1,'2019-10-07 06:34:29','2020-02-08 06:12:47'),(35,'Скрипт CSGOPOLiGON','Скрипт CSGOPOLiGON настраивается под любую игру из стима(можно на вещи dota2,pubg,csgo)\r\n\r\nО проекте\r\n\r\nГотовый проект рулетки csgodouble с админ панелью.\r\n\r\nВозможности сайта:\r\n\r\n• Пополнение баланса с помощью отправки предметов\r\n• Магазин скинов [за валюту, с наценкой в 10% от базовой стоимости]\r\n• Честная игра, генерация честных чисел с использованием Random.ORG API (https://shot.qip.ru/00QyxE-2kJcLD7eU/)\r\n• Анимированный розыгрыш с вертикальным кручением чисел и остановкой на победном\r\n• REST-сервер для обмена данными с ботом','https://i.imgur.com/VWW5cYu.jpg',1290.00,1,0,'https://yadi.sk/d/Fv59qZvmkVnlWg',NULL,1,'2019-10-07 06:35:45','2019-10-21 05:05:11'),(36,'Скрипт RUBLIX','Скрипт RUBLIX \r\n\r\nВсе работает как часики, все игры рабочие, оплата, регистрация и т.д. Скрипт чистый.','https://i.imgur.com/HOPUwVB.jpg',1990.00,1,0,'https://yadi.sk/d/FUxxAp_GpnTlkg',NULL,1,'2019-10-07 06:36:40','2019-10-21 05:05:35'),(37,'Скрипт JETCASH','Готовый Скрипт JETCASH проект - это дочерний проект opcash/coinscube, с помощью которого вы можете заработать в два или в три раза больше, чем на обычных рулетках.\r\n\r\nЕго легче пиарить, настраивать, и держать.','https://i.imgur.com/G3exa3e.jpg',990.00,1,0,'https://yadi.sk/d/94Z0FIB_Q3C5Dg',NULL,1,'2019-10-07 06:37:37','2019-10-21 05:06:05'),(38,'Скрипт RUNBOX','Скрипт RUNBOX популярного сайта RUNBOX','https://i.imgur.com/M96XX6L.jpg',890.00,3,0,'https://yadi.sk/d/9D4cuqcEkqKRDg',NULL,1,'2019-10-07 06:38:18','2019-10-21 05:13:02'),(39,'Скрипт MONEYUP','На данный момент в Скрипт MONEYUP входит:\r\n- Билеты\r\n- Новости\r\n- Партнёры\r\n- Чат [временно не работает, можно отключить]\r\n- FAQ\r\n- Поддержка\r\n- Соглашение\r\n\r\nПриём осуществляется: Интеркасса (Есть возможность подключить другие платежные системы.)\r\nВывод осуществляется: WebMoney, QIWI, Яндекс Деньги (Есть возможность подключить другие платежные системы.)\r\n\r\nАлгоритм: Вы создаете билет по цене - 30 рублей, джекпот - 150 рублей, количество - 100 билетов\r\nПобедитель выбирается случайным случаем по принципу - Рандом. Подкрутка НЕВОЗМ','https://i.imgur.com/oYuZUrL.jpg',990.00,1,0,'https://yadi.sk/d/_PStm1jKz3OFKg',NULL,1,'2019-10-07 06:38:55','2019-10-21 05:07:21'),(40,'Скрипт ARMY CASH','Очень интересный Скрипт ARMY CASH для тех кто сильный душой и телом.\r\nПредоставляется скрипт и админка.','https://i.imgur.com/tE92OyZ.jpg',790.00,1,0,'https://yadi.sk/d/gWLZs2DBekN0kQ',NULL,1,'2019-10-07 06:39:43','2019-10-21 05:07:50'),(41,'Скрипт CARD','Что вы получите после покупки?\r\n\r\nКачественный Скрипт CARD\r\nАдминка\r\nСкрипт сайта (Картинки, звуки, все остальные элементы)','https://i.imgur.com/uPqKf9T.jpg',790.00,1,0,'https://yadi.sk/d/AuXe59nWk9mTsA',NULL,1,'2019-10-07 06:40:31','2019-10-21 05:08:21'),(42,'Скрипт FARTABOX','Скрипт FARTABOX есть три режима : Crash, Double, Jackpot, Coinflip. (все на деньги)\r\nСтоит оплата фрикасса и вывод.\r\nЕсть чат с ранками (Хозяин, Админ, Модератор, Стример, Бриллиант, Золото).\r\nАвторизация через ВК.\r\nСкрипт на фреймворке laravel.\r\nЕсть админ панель.','https://i.imgur.com/2FbBx1R.jpg',790.00,1,0,'https://yadi.sk/d/cXdA_gmhaXp00Q',NULL,1,'2019-10-07 06:41:35','2019-10-21 05:08:50'),(43,'Скрипт EGGER','Скрипт EGGER  максимально удобная админ-панель, двумя способами авторизации - VK + OK, тестовым бонусом 1000р(сгорает при пополнении, увеличен шанс при игре на данные монеты), 2 платежных шлюза - FREE-KASSA, PAY-TRIO,; Настройка минимального пополнения\\вывода и много, много дополнительных функций. Полная версия скрипта с возможность добавлять кейсы.','https://i.imgur.com/BHkr6Nr.jpg',1190.00,1,0,'https://yadi.sk/d/9-z4bvEiIkkslA',NULL,1,'2019-10-07 06:42:06','2019-10-21 05:09:24'),(44,'Скрипт NVUTI','Скрипт NVUTI\r\n\r\nДобавлено:\r\nТовар имеет лицензию, а также изменения в проекте производиться будут только нами, т.к в скрипте дополнительно стоит защита от слива кода;\r\nПромокоды;\r\nБлокировка вывода определенному юзеру;\r\nСистема блокировки аккаунта;\r\nБонус за привязку;\r\nЕжедневный бонус;\r\nВосстановление пароля;\r\nБаланс Фрикассы;\r\nПодтверждение почты (защита от фейков, твинков) (В админке можно выключить если не надо);\r\nБолее доскональное взаимодействие с пользователями (В админке);\r\nИзменение (Названия сайта, Валюты, Футера, Ключа','https://i.imgur.com/gvY1RYw.jpg',2790.00,1,0,'https://yadi.sk/d/pltpPGsa5Ihntw',NULL,1,'2019-10-07 06:43:00','2019-10-21 05:09:55'),(45,'Скрипт SPIN MONEY','Скрипт SPIN MONEY\r\n\r\nВ движке присутствует регулировка шанса окупаемости кейсов, реферальная система, админ-панель сайта, режим ютубера.\r\nПополнение баланса происходит через платежную систему: Free-Kassa.\r\nАвторизация через социальную сеть: Вконтакте.','https://i.imgur.com/wZUq1RG.jpg',1390.00,1,0,'https://yadi.sk/d/HPmaZbr3y2gU6g',NULL,1,'2019-10-07 06:43:47','2019-10-21 05:10:26'),(46,'Скрипт FAST-LOTO','Новая версия Скрипт FAST-LOTO!\r\n\r\nДобавлено в 4 версии:\r\nНовый дизайн;\r\nПромо-коды;\r\nФункции в Config;\r\n\r\nДобавлено в 3 версии:\r\n\r\nКомната \"Больше или Меньше\". (Что-то типо NVUTI)\r\nПользователь указывает размер ставки, шанс выигрыша, выбирает промежуток больше или меньше.\r\nЗаранее генерируется число от 0 до 99 999\r\nЕсли число находится в пределах диапазона, который он выбрал, то выигрывает.\r\nЕсли проигрывает, то часть денег идёт в кассу, часть трём его спонсорам (рефоводам) и админу .\r\nУ модуля есть своя касса, которая не работае','https://i.imgur.com/gYqITpU.jpg',1090.00,1,0,'https://yadi.sk/d/fIib4_gqhDd3-A',NULL,1,'2019-10-07 06:44:27','2019-10-21 05:10:53'),(47,'Скрипт BANG CASH','Новый Скрипт BANG CASH открытия кейсов на деньги, написанный полностью на фреймворке laravel.\r\n\r\nПомимо стандартных функций открывания кейсов, в скрипте присутствуют такие функции как:\r\n\r\nБесплатный бонусный кейс, который можно открывать раз в сутки; Бонусы за пополнение баланса;Промокоды, которые Вы можете генерировать в админке;\r\n\r\nРабочая регулировка шансов выпадения дорогих предметов; Режим Ютуберки для большей эффективности рекламы; Красивая и удобная админка, и много-много всего другого.\r\n\r\nТеги: скрипт открытия кейсов, ден','https://i.imgur.com/8q1CEFJ.jpg',490.00,3,0,'https://yadi.sk/d/iSXBEi7fNFGdng',NULL,1,'2019-10-07 06:45:13','2019-10-21 05:11:23'),(48,'Скрипт NVUTI Эконом','Скрипт NVUTI Эконом\r\n\r\nОбновленная версия скама Nvuti, за основу взята версия Nvuti за 4000 руб, но с урезанным функционалом, дыр, багов и шеллов скрипте нет, также выкручен шанс на поражения, 60-70% будут поражения, лицензия в скрипте присутствует, версия VDS.','https://i.imgur.com/Hul8Tn2.jpg',990.00,1,0,'https://yadi.sk/d/pltpPGsa5Ihntw',NULL,1,'2019-10-07 06:45:43','2019-10-21 05:11:51'),(49,'Скрипт BATTLE.CASH','Скрипт BATTLE.CASH\r\n\r\nСкрипт полностью уникальный, написан полностью на NodeJS и AngularJS.\r\n\r\nОписание скрипта:\r\n- Авторизация через vk, odnoklassniki.\r\n- Выбор победителя происходит через генератор случайных чисел Random.org.\r\n- Ежедневный бонус для подписчиков группы.\r\n- Личный кабинет с подробной статистикой пользователя\r\n- Привилегии (Администратор, премиум и вип).\r\n- Чат с функцией удаления сообщений.\r\n- Автоматическая система выводов.\r\n- Система оплаты FreeKassa.','https://i.imgur.com/8pVPvKB.jpg',2650.00,1,0,'https://yadi.sk/d/ym19Wf81fMzCeA',NULL,1,'2019-10-07 06:46:50','2019-10-21 05:01:59'),(50,'Услуга \"Настройка скрипта\"','Настройка любых ОС,любых скриптов и внутренней кухни сайта.\r\n\r\nЦена складывается из сложности работ, подробнее уточняйте в поддержке!','https://i.imgur.com/HQ4fncP.jpg',1.00,4,0,NULL,NULL,1,'2019-10-07 07:05:56','2019-10-23 06:16:01'),(51,'Услуга «Дизайн»','Создание любого формата дизайна:\r\n⚙️WAP\r\n⚙️WEB\r\n⚙️Дизайн шапок для групп\r\n⚙️Дизайн сайтов\r\n⚙️Дизайн рулеток\r\n⚙️Дизайн графики\r\n⚙️Логотипы\r\n\r\nP.S Стоимость обговаривается индивидуально в зависимости от сложности работ.','https://i.imgur.com/88qNW7K.jpg',1.00,4,0,NULL,NULL,1,'2019-10-07 07:06:30','2019-10-07 13:16:18'),(52,'Услуга «Верстка»','Помимо дизайна существует такая вещь «Верстка», это перенос дизайна и адаптация его в изображение на сайте.\r\n\r\nВыполнение работ на :\r\n⚙️HTML5\r\n⚙️CSS3\r\n⚙️W3C\r\n⚙️Bootstrap\r\n⚙️jQuery\r\n\r\nА так же:\r\n⚙️Кроссбраузерность\r\n⚙️Адаптивность\r\n⚙️Минимум кода\r\n⚙️Высокая скорость загрузки страниц\r\n⚙️Семантичность\r\n⚙️Валидность\r\n\r\nP.S Так же цена зависит от ваших хотений и потребностей.','https://i.imgur.com/ivG2xuV.jpg',1.00,4,0,NULL,NULL,1,'2019-10-07 07:07:01','2019-10-07 13:16:40'),(53,'Услуга «Програмировние»','Так же предоставляем услуги написания кода с нуля на таких языках и фреймворках как:\r\n\r\n⚙️Laravel\r\n⚙️PHP\r\n⚙️Node.js (express)\r\n⚙️Angular.js\r\n⚙️Vue.js\r\n⚙️Phyton\r\n⚙️Phalcon\r\n⚙️Java\r\n\r\nP.S Так же индивидуальный подход к каждому, цена зависит от сложности работ.','https://i.imgur.com/H8tTMxA.jpg',1.00,4,0,NULL,NULL,1,'2019-10-07 07:07:28','2019-10-07 13:17:13'),(54,'Услуга «Продвижения»','Так же предоставляем услуги продвижения вашего продукта путями:\r\n\r\n⚙️SMM\r\n⚙️SEO\r\n⚙️Таргет\r\n⚙️Спам\r\n\r\nP.S Так же стоимость индивидуальная на каждый вариант.','https://i.imgur.com/By8kB0E.jpg',1.00,4,0,NULL,NULL,1,'2019-10-07 07:07:57','2019-10-07 13:17:37'),(55,'Услуга «Обучение»','Так же предоставляем услуги по обучению ниш таких как:\r\n\r\n⚙️Рулетка\r\n⚙️Кейсы\r\n⚙️Лотереи\r\n⚙️Как содержать, как поддерживать техническую работу способность\r\n⚙️Фикс, Дебаг\r\n⚙️Инъекции\r\n⚙️И многое другое\r\n\r\nP.S Цена так же индивидуальна и доступна для каждого.','https://i.imgur.com/czfmgR5.jpg',1.00,4,0,NULL,NULL,1,'2019-10-07 07:08:22','2019-10-07 13:18:29'),(56,'Услуга «Тестирование»','Предоставляем Услугу тестирования вашего, чужого, скрипта,магазина,чата а так же любых других сетевых ресурсов.\r\n\r\n⚙️Нахождение багов\r\n⚙️Фикс\r\n⚙️Дебаг\r\n⚙️Проверка нагрузок\r\n⚙️Инъекции\r\n⚙️Работа с базой данных\r\n\r\nP.S Работа так же оценивается индивидуально от запроса.','https://i.imgur.com/alFuGNG.jpg',1.00,4,0,NULL,NULL,1,'2019-10-07 07:08:54','2019-10-07 13:19:29'),(57,'Услуга «Логотип» Эконом','Ход работы:\r\n\r\n⚙️Передача брифа\r\n⚙️ Заполнение заказчиком его\r\n⚙️ Обсуждение\r\n⚙️ Предоставление 1й вариаций конечного продукта\r\n\r\n👍🏻\r\n\r\n Стоимость варьируется от 1.000 руб до 3.000 в зависимости от сложности работ и требований.','https://i.imgur.com/lZioXd0.jpg',1000.00,4,0,NULL,NULL,1,'2019-10-07 08:21:44','2019-10-07 13:19:52'),(58,'Услуга «Логотип» Уникальный','Ход работы:\r\n\r\n⚙️Передача брифа\r\n⚙️ Заполнение заказчиком его\r\n⚙️ Обсуждение\r\n⚙️ Предоставление 3х вариаций конечного продукта\r\n⚙️ Работа до удовлетворение заказчика\r\n\r\n👍🏻 Стоимость варьируется от 5.000 руб до 25.000 в зависимости от сложности работ и требований.','https://i.imgur.com/9NMLOUQ.jpg',1.00,4,0,NULL,NULL,1,'2019-10-07 10:17:22','2019-10-07 13:20:22'),(59,'Услуга «Адаптации под все устройства»','Предоставляем услугу адаптации вашего скрипта, магазина под любые устройства для повышения продаж и вашего «лица».\r\n\r\nУ вас будет:\r\n\r\n⚙️Конкурентоспособность\r\n⚙️Сохранение мобильного трафика 100%\r\n⚙️Повышение продаж\r\n⚙️Возвращение трафика повторно в 9 из 10 случаев.\r\n\r\nТак же цена варьируется от сложности работ.','https://i.imgur.com/WPf2G30.jpg',1.00,4,0,NULL,NULL,1,'2019-10-07 10:17:58','2019-10-10 09:35:21'),(60,'Услуга \"Telegram-bot\"','Создание и \"написание\" с 0 конкретно под ваши потребности бота для менеджера Telegram.\r\n\r\nХод работы:\r\n⚙️Создание Т3\r\n⚙️ Заполнение заказчиком его\r\n⚙️ Обсуждение\r\n⚙️ Работа до удовлетворение заказчика\r\n\r\n👍🏻 Стоимость начинается от 1.000 руб в зависимости от сложности работ и требований.','https://i.imgur.com/9eMpXGa.png',1.00,4,0,NULL,NULL,1,'2019-10-11 05:45:15','2019-10-11 05:45:15'),(61,'Скрипт SPINMONEY [NEW]','Скрипт SPIN MONEY\r\n\r\nВ движке присутствует регулировка шанса окупаемости кейсов, реферальная система, админ-панель сайта, режим ютубера.\r\nПополнение баланса происходит через платежную систему: Free-Kassa.\r\nАвторизация через социальную сеть: Вконтакте.','https://i.imgur.com/SgYDX9Q_d.jpg?maxwidth=640&shape=thumb&fidelity=medium',2290.00,1,0,'https://yadi.sk/d/pfOud3wzCDNqqg',NULL,1,'2019-10-21 05:27:19','2019-10-21 05:28:22'),(62,'Скрипт OPCASH','Скрипт OPCASH\r\n\r\nДенежные кейсы, очень интересный и красивый дизайн.\r\nПодойдёт для любого, удобная админка.','https://i.imgur.com/aa069um.jpg',890.00,1,0,'https://yadi.sk/d/0AGfnjVIDFJk2g',NULL,1,'2019-10-21 07:28:17','2019-10-23 04:52:12'),(63,'Скрипт приёма  платежей','Скрипт приёма платежей:\r\n\r\nСкрипт позволит вам создавать свой электронный кошелек и собственный шлюз онлайн-платежей. Так что если у кого-то есть свой магазин или что-то подобное, советую использовать. \r\n: Если Вы захотели его использовать как основной шлюз,то советуем провести тестирование! И только потом уже юзать. \r\nФункций много. Есть PSD-файлы (лого и прочее). Обновления в папке Update. \r\n\r\n: Можно подключить тот же QIWI, Payeer, VISA, Master Card и облачное коло-во платежек.','https://i.imgur.com/mft8CXm.jpg',2990.00,10,0,'https://yadi.sk/d/OckZEt7uERRiEw',NULL,1,'2019-10-21 07:41:50','2019-10-24 12:09:08'),(64,'Скрипт CSGO AWAY','Скрипт CSGO AWAY \r\n\r\n\r\nСкрипт написан на фреймворке AdonisJS.\r\nПрост в установке!\r\nСкрипт шустрый!','https://i.imgur.com/bqDpwDo.jpg',1390.00,1,0,'https://yadi.sk/d/ghqoBxaWo7_5Sw',NULL,1,'2019-10-21 07:47:08','2019-10-23 05:06:06'),(65,'Скрипт CSGO OpenCase Simulator','Скрипт CSGO OpenCase Simulator !!! \r\n\r\nАналогов нет и не будет!\r\n\r\nCS:GO opencase симулятор в принципе если есть руки то можно сделать и обычный опенкейс если желание есть\r\nДизайн обычный сказать вау нельзя но можно похвалить за функции.\r\nВ данном опенкейсе по мимо самих кейсов есть :\r\n1)Контракты\r\n2)Коин флип\r\n3)Магазин\r\n4)Дабл\r\n\r\nЗа доп. информацией поддержку!','https://i.imgur.com/9jBNPIj.png',5990.00,11,0,'https://yadi.sk/d/GyMU1phxA3Pj8w',NULL,1,'2019-10-21 08:18:24','2019-10-23 04:54:04'),(66,'Скрипт Аукциона скинов','Уникальный Скрипт Аукциона скинов!\r\n\r\nУдобный и красивый функционал\r\nГибкая и простая админка\r\n\r\nЗаболеем детальной информацией в поддержку!','https://i.imgur.com/Aq2t91A.png',3990.00,12,0,'https://yadi.sk/d/-Edgxj4_7OKrjQ',NULL,1,'2019-10-21 08:22:03','2019-10-23 04:54:42'),(67,'Скрипт DOUBLE V2','Полностью в другом формате скрипт double v2 !\r\n\r\nУникальный дизайн\r\nКрасивые цвета\r\n\r\nБолее подробно в поддержку!','https://i.imgur.com/bUNLIaQ.jpg',2290.00,1,0,'https://yadi.sk/d/-hIopDO8RQ5hZw',NULL,1,'2019-10-21 08:28:54','2019-10-23 04:55:05'),(68,'Скрипт UPCASH','Скрипт UPCASH, налог NVUTI\r\nСхож с товаром Скрипт NVUTI!\r\n\r\nБолее подробную информацию можно получить в поддержке!','https://i.imgur.com/LDyRbqx.png',2390.00,1,0,'https://yadi.sk/d/BzoB6zasCpzp9g',NULL,1,'2019-10-21 08:32:01','2019-10-23 04:55:30'),(69,'Скрипт FASTGUN','Уникальный скрипт fastgun:\r\n\r\nПросто мощный качественный скрипт дабла\r\n- Double\r\n- Аукцион\r\n-Мультибот\r\n\r\nБолее подробно в поддержку!','https://i.imgur.com/qWNKnRx.jpg',2990.00,1,0,'https://yadi.sk/d/J8aGFo_--UmaYA',NULL,1,'2019-10-21 08:50:19','2019-10-23 04:55:56'),(70,'Скрипт DOUBLE VGO','Скрипт DOUBLE VGO \r\n\r\nХороший скрипт для приёма и игр на вещи VGO\r\n\r\nDOUBLE','https://i.imgur.com/ulDXzyh.jpg',1190.00,13,0,'https://yadi.sk/d/QflR2jXruOycbA',NULL,1,'2019-10-21 08:55:19','2019-10-23 05:13:54'),(71,'Скрипт фейка WARFACE','Скрипт Фейка warface \r\n\r\nХороший фейк для хороших/или плохих начинаний)\r\n\r\nКрасочный дизайн\r\nГибкая админка','https://i.imgur.com/hz8gTTy.png',1390.00,7,0,'https://yadi.sk/d/FGgj1laHy1v4bw',NULL,1,'2019-10-21 08:58:38','2019-10-23 04:56:46'),(72,'Скрипт CSGO REBORN','Скрипт CSGO REBORN хороший скрипт имеющий все необходимые режимы игры для начинания успешного проекта!','https://i.imgur.com/MLWMwYp.jpg',1990.00,1,0,'https://yadi.sk/d/0sK_YqtuRheekA',NULL,1,'2019-10-21 09:00:51','2019-10-23 04:57:16'),(73,'Скрипт CRASH VGO','Чистый Скрипт CRASH VGO','https://i.imgur.com/NwsiSBr.png',1990.00,13,0,'https://yadi.sk/d/g8SE9CwPml0Uiw',NULL,1,'2019-10-21 09:03:38','2019-10-23 04:59:59'),(74,'Скрипт SKINARIUM','Скрипт популярного скрипта SKINARIUM','https://i.imgur.com/IzaRJ6r.jpg',1990.00,1,0,'https://yadi.sk/d/6ezFxEIDFODbGg',NULL,1,'2019-10-21 09:09:35','2019-10-23 05:00:19'),(75,'Скрипт CSGOCLIQUE','Скрипт CSGOCLIQUE \r\n\r\nОчень приятный дизайн качественней оформление как раз то что нужно для любых начинаний.','https://i.imgur.com/fyAhF89.jpg',1690.00,1,0,'https://yadi.sk/d/ixQgUqa7TXJO8A',NULL,1,'2019-10-21 10:31:50','2019-10-23 05:00:35'),(76,'Скрипт CSGO DUO','Скрипт CSGO DUO\r\n\r\nКрасивый скрипт дабла 3х 5х 50х','https://i.imgur.com/tvBxmOe.png',890.00,1,0,'https://yadi.sk/d/gtpA6DXRbhcM4A',NULL,1,'2019-10-21 11:59:26','2019-10-23 05:04:04'),(77,'Скрипт OPCASH [M]','Скрипт OPCASH\r\n\r\nОбновили реферальную систему; Обновили шансы окупаемости кейсов;\r\n\r\nРегистрация на сайте через почту/вход через VK;\r\n\r\nАдмин-панель:\r\n\r\n- В разделе \"Пользователи\" сделали подписи -\r\n(A)-Админ, (YT)-Ютубер\r\nСделали возможность сбросить пароль; Сделали шанс выпадения;\r\nДоступна блокировка вывода и бан на сайте;\r\n\r\n- Раздел \"Вопросы\" -\r\nМожно создавать/редактировать FAQ на сайте;\r\n\r\n- Раздел \"Настройки\" -\r\nСделали вывод настроек FREE-KASS\'ы(Ссылки на оплаты);\r\nМожно менять имя сайта, копирайт, титул; Добавлять онлай','http://studia-test.site/img/10g89mz.png',1890.00,1,0,'https://yadi.sk/d/5g1wGo_MRayazw',NULL,1,'2019-10-23 05:25:54','2019-10-23 05:28:11'),(78,'Скрипт Кейсов CSGO','Скрипт Кейсов CSGO \r\nОчень приятный дизайн\r\nХорошая Админ панель\r\nЛайф дроп\r\nБот\r\n\r\nИдеальный проект по открытию кейсов!','http://i.imgur.com/Sk6ZBfv.png?1',2390.00,3,0,'https://yadi.sk/d/uep88K3UJYEJzg',NULL,1,'2019-10-23 05:45:21','2019-10-23 05:45:21'),(79,'Скрипт кейсов STANDTOFF','Скрипт кейсов STANDOFF \r\nЗамечательный дизайн\r\nАдминка\r\nЛегкая настройка кейсов\r\nСоздание их \r\nИ многое многое другое\r\n\r\nПодробнее в поддержку!','https://i.imgur.com/7MmsqJk.jpg',2990.00,3,0,NULL,NULL,1,'2019-10-24 11:02:55','2019-10-24 11:03:32'),(80,'Скрипт магазина CSGO','Скрипт магазина CSGO по продаже вещей\r\n\r\nХороший скрипт для магазина товаров и не только\r\nКрасочный дизайн\r\nКинжалы','https://i.imgur.com/9tH5Tdq.jpg',1990.00,2,0,'https://yadi.sk/d/W-qjzTkYzE5tyg',NULL,1,'2019-10-27 09:21:15','2019-10-27 09:21:15'),(81,'Script PREDICTION APK','скрипт придикшина на спорт','https://i.imgur.com/2SHMsO7.jpg',5990.00,6,0,NULL,NULL,1,'2019-10-30 04:20:00','2019-10-30 04:21:06'),(82,'Скрипт DOTA2 Рулетка индивидуальная','Полностью индивидуальная рулетка','ya.ru',35000.00,4,0,NULL,NULL,1,'2019-10-31 16:21:29','2019-10-31 16:21:29'),(83,'Скрипт рулетка DICEDEV','в одни руки!\r\n\r\nнаписан на meteor.js\r\n\r\nдемо - vegademo.ml','https://i.imgur.com/1crkl0b.jpg',10000.00,1,0,NULL,NULL,1,'2019-11-11 14:13:05','2019-11-11 14:13:05');
/*!40000 ALTER TABLE `products` ENABLE KEYS */;
UNLOCK TABLES;

--
-- Table structure for table `promocode`
--

DROP TABLE IF EXISTS `promocode`;
/*!40101 SET @saved_cs_client     = @@character_set_client */;
/*!40101 SET character_set_client = utf8 */;
CREATE TABLE `promocode` (
  `id` int(11) NOT NULL AUTO_INCREMENT,
  `code` varchar(255) COLLATE utf8_unicode_ci NOT NULL,
  `limit` int(11) NOT NULL,
  `percent` double(20,2) NOT NULL,
  `count_use` int(11) NOT NULL,
  `product_id` int(11) NOT NULL,
  `created_at` timestamp NOT NULL DEFAULT CURRENT_TIMESTAMP,
  `updated_at` timestamp NULL DEFAULT NULL ON UPDATE CURRENT_TIMESTAMP,
  PRIMARY KEY (`id`)
) ENGINE=InnoDB AUTO_INCREMENT=17 DEFAULT CHARSET=utf8 COLLATE=utf8_unicode_ci;
/*!40101 SET character_set_client = @saved_cs_client */;

--
-- Dumping data for table `promocode`
--

LOCK TABLES `promocode` WRITE;
/*!40000 ALTER TABLE `promocode` DISABLE KEYS */;
INSERT INTO `promocode` (`id`, `code`, `limit`, `percent`, `count_use`, `product_id`, `created_at`, `updated_at`) VALUES (2,'WGS',0,10.00,1000,6,'2019-10-05 12:43:43','2019-10-05 12:43:43'),(3,'WGSDRAGON',1,15.00,996,1,'2019-10-24 13:50:21','2019-12-14 05:24:06'),(4,'MENTOLDRGN',1,15.00,1000,1,'2019-10-28 03:17:58','2019-10-28 03:17:58'),(5,'MENTOLSTEEL',1,15.00,1000,5,'2019-10-28 03:18:27','2019-10-28 03:18:27'),(6,'MENTOLKPD',0,20.00,1000,2,'2019-10-28 03:19:10','2019-10-28 03:19:10'),(7,'RAVILDRGN',1,15.00,1000,1,'2019-10-28 05:54:24','2019-10-28 05:54:24'),(8,'RAVILPOLYGON',1,15.00,1000,35,'2019-10-28 05:55:25','2019-10-28 05:55:25'),(9,'RAVILSTEELCASH',1,15.00,1000,5,'2019-10-28 05:56:00','2019-10-28 05:56:00'),(10,'RAVILKPF',1,15.00,1000,2,'2019-10-28 05:56:38','2019-10-28 05:56:38'),(11,'RAVILPAPA',1,15.00,1000,3,'2019-10-28 05:57:11','2019-10-28 05:57:11'),(12,'RAVIL',1,15.00,1000,14,'2019-10-28 05:57:57','2019-10-28 05:57:57'),(13,'WGSKPDBET',1,15.00,1000,2,'2019-10-30 04:54:15','2019-10-30 04:54:15'),(14,'WGSSTEEL',1,15.00,1000,1,'2019-10-30 04:55:13','2019-10-30 04:55:13'),(15,'BANGCS',1,15.00,1000,78,'2019-11-10 13:14:09','2019-11-10 13:14:09'),(16,'wgsrrtro',0,15.00,1000,21,'2020-02-15 03:21:02','2020-02-15 03:21:02');
/*!40000 ALTER TABLE `promocode` ENABLE KEYS */;
UNLOCK TABLES;

--
-- Table structure for table `promocode_log`
--

DROP TABLE IF EXISTS `promocode_log`;
/*!40101 SET @saved_cs_client     = @@character_set_client */;
/*!40101 SET character_set_client = utf8 */;
CREATE TABLE `promocode_log` (
  `id` int(11) NOT NULL AUTO_INCREMENT,
  `user_id` int(11) NOT NULL,
  `percent` double(20,2) NOT NULL,
  `status` int(1) NOT NULL DEFAULT '0',
  `code` varchar(255) DEFAULT NULL,
  `code_id` int(11) NOT NULL,
  `product_id` int(11) NOT NULL,
  `created_at` timestamp NOT NULL DEFAULT CURRENT_TIMESTAMP,
  `updated_at` timestamp NULL DEFAULT NULL,
  PRIMARY KEY (`id`)
) ENGINE=InnoDB AUTO_INCREMENT=7 DEFAULT CHARSET=utf8;
/*!40101 SET character_set_client = @saved_cs_client */;

--
-- Dumping data for table `promocode_log`
--

LOCK TABLES `promocode_log` WRITE;
/*!40000 ALTER TABLE `promocode_log` DISABLE KEYS */;
INSERT INTO `promocode_log` (`id`, `user_id`, `percent`, `status`, `code`, `code_id`, `product_id`, `created_at`, `updated_at`) VALUES (1,1,30.00,1,'kpdbet30',0,0,'2019-10-03 19:04:28','2019-10-06 06:31:07'),(2,4,10.00,0,'wgs',0,0,'2019-10-05 17:42:16',NULL),(3,2,15.00,0,'wgsdragon',3,0,'2019-10-24 18:01:38',NULL),(4,1,10.00,0,'WGS',2,6,'2019-10-26 21:49:58',NULL),(5,72,15.00,0,'WGSDRAGON',3,1,'2019-12-14 07:26:12',NULL),(6,72,15.00,0,'WGSDRAGON',3,1,'2019-12-14 08:24:06',NULL);
/*!40000 ALTER TABLE `promocode_log` ENABLE KEYS */;
UNLOCK TABLES;

--
-- Table structure for table `purchases`
--

DROP TABLE IF EXISTS `purchases`;
/*!40101 SET @saved_cs_client     = @@character_set_client */;
/*!40101 SET character_set_client = utf8 */;
CREATE TABLE `purchases` (
  `id` int(11) NOT NULL AUTO_INCREMENT,
  `product_id` int(11) NOT NULL,
  `user_id` int(11) NOT NULL,
  `price` double(20,2) NOT NULL,
  `sale` double(20,2) NOT NULL DEFAULT '0.00',
  `secret` varchar(255) COLLATE utf8_unicode_ci NOT NULL,
  `status` int(1) NOT NULL DEFAULT '0',
  `created_at` timestamp NOT NULL DEFAULT CURRENT_TIMESTAMP,
  `updated_at` timestamp NULL DEFAULT NULL ON UPDATE CURRENT_TIMESTAMP,
  PRIMARY KEY (`id`)
) ENGINE=InnoDB AUTO_INCREMENT=22 DEFAULT CHARSET=utf8 COLLATE=utf8_unicode_ci;
/*!40101 SET character_set_client = @saved_cs_client */;

--
-- Dumping data for table `purchases`
--

LOCK TABLES `purchases` WRITE;
/*!40000 ALTER TABLE `purchases` DISABLE KEYS */;
INSERT INTO `purchases` (`id`, `product_id`, `user_id`, `price`, `sale`, `secret`, `status`, `created_at`, `updated_at`) VALUES (1,3,1,1500.00,0.00,'73edd1f9d509cdac972d2c7163187c53',1,'2019-10-03 10:49:00','2019-10-03 10:49:00'),(2,5,1,3500.00,0.00,'f1520b9fe21d922040c4fbf97358dd49',1,'2019-10-03 11:16:28','2019-10-03 11:16:28'),(3,1,1,2000.00,0.00,'885cf7acc3838b2ebce6add55e6b4df8',1,'2019-10-03 11:17:57','2019-10-03 11:17:57'),(4,6,1,5000.00,0.00,'2fb6c7992333c6a04f6f0803313d3219',1,'2019-10-03 11:18:30','2019-10-03 11:18:30'),(5,4,1,200.00,0.00,'64cee4bf5435627b5b8d17f59830b8f1',1,'2019-10-03 11:18:30','2019-10-03 11:18:30'),(6,7,1,7000.00,0.00,'d2ebcf2f15a5052d9d8d7da2698d6383',1,'2019-10-03 11:19:10','2019-10-03 11:19:10'),(7,8,1,500.00,0.00,'ad888d7c608b4061eb4337d5f3cf4702',1,'2019-10-03 19:24:23','2019-10-03 19:24:23'),(8,2,1,1750.00,30.00,'75773c5ce16e9fbe29b750373656dfc3',1,'2019-10-06 06:31:07','2019-10-06 06:31:07'),(9,1,4,2000.00,0.00,'6c315a1401a232a50e75baf28cba4ab9',1,'2019-10-10 02:28:39','2019-10-10 02:28:39'),(10,25,4,3990.00,0.00,'a0e2a769d6df981f16b9629bbc102663',1,'2019-10-16 04:05:25','2019-10-16 04:05:25'),(11,1,2,2000.00,0.00,'3cc2d16bba14cc651ac14ab21c2f06af',1,'2019-10-21 04:31:29','2019-10-21 04:31:29'),(12,5,2,3500.00,0.00,'52b6120993576a630623179222758729',1,'2019-10-21 04:35:44','2019-10-21 04:35:44'),(13,2,2,5000.00,0.00,'569b47c1f85d91b6c6cd6fc66ec4c7bb',1,'2019-10-24 14:26:25','2019-10-24 14:26:26'),(14,6,35,1.00,0.00,'2c8385564f5a8047979c9afbf7bbc557',1,'2019-11-14 07:32:34','2019-11-14 07:32:34'),(15,11,114,790.00,0.00,'db4ec17763d00f89136ef9354ae104b6',1,'2020-01-26 06:43:05','2020-01-26 06:43:05'),(16,25,2,3990.00,0.00,'c3e6e8fbb586854d18664943406e4334',1,'2020-01-29 09:29:01','2020-01-29 09:29:01'),(17,1,2,2000.00,0.00,'d2159a7c3c08aae75df3e460ec3d555f',1,'2020-01-31 07:16:44','2020-01-31 07:16:44'),(18,34,142,890.00,0.00,'1324f11be61ab66d72713e514160b1ea',1,'2020-02-08 06:12:47','2020-02-08 06:12:47'),(19,25,144,3990.00,0.00,'205dd053cdaee933fb02348ee9570113',1,'2020-02-24 12:42:29','2020-02-24 12:42:29'),(20,5,144,3999.00,0.00,'f6b47a47dc644be81b5491e6f571cab9',1,'2020-02-24 12:43:41','2020-02-24 12:43:42'),(21,25,160,3990.00,0.00,'82af4670e54fd303ca78dca73ba6b7c1',1,'2020-02-25 11:37:55','2020-02-25 11:37:55');
/*!40000 ALTER TABLE `purchases` ENABLE KEYS */;
UNLOCK TABLES;

--
-- Table structure for table `reviews`
--

DROP TABLE IF EXISTS `reviews`;
/*!40101 SET @saved_cs_client     = @@character_set_client */;
/*!40101 SET character_set_client = utf8 */;
CREATE TABLE `reviews` (
  `id` int(11) NOT NULL AUTO_INCREMENT,
  `user_id` int(11) NOT NULL,
  `item_id` int(11) DEFAULT NULL,
  `text` varchar(255) CHARACTER SET utf8mb4 NOT NULL,
  `star` int(11) NOT NULL,
  `status` int(11) NOT NULL DEFAULT '0',
  `created_at` timestamp NOT NULL DEFAULT CURRENT_TIMESTAMP,
  `updated_at` timestamp NULL DEFAULT NULL ON UPDATE CURRENT_TIMESTAMP,
  PRIMARY KEY (`id`)
) ENGINE=InnoDB AUTO_INCREMENT=7 DEFAULT CHARSET=utf8;
/*!40101 SET character_set_client = @saved_cs_client */;

--
-- Dumping data for table `reviews`
--

LOCK TABLES `reviews` WRITE;
/*!40000 ALTER TABLE `reviews` DISABLE KEYS */;
INSERT INTO `reviews` (`id`, `user_id`, `item_id`, `text`, `star`, `status`, `created_at`, `updated_at`) VALUES (1,2,5,'Шикарно😍',1,2,'2019-10-24 15:10:39','2019-10-24 15:10:50'),(2,2,5,'Шикарно просто 😍',1,1,'2019-10-24 15:11:16','2019-10-24 15:11:16'),(3,70,14,'fu',1,0,'2019-12-07 10:23:58','2019-12-07 10:23:58'),(4,82,1,'Не договорились на обще выгодных условиях!',1,2,'2019-12-16 15:14:29','2019-12-17 19:08:21'),(5,82,1,'Гении)',1,1,'2019-12-16 15:14:49','2019-12-17 19:07:34'),(6,65,1,'говно и обман',1,2,'2020-02-17 01:44:03','2020-02-25 06:15:36');
/*!40000 ALTER TABLE `reviews` ENABLE KEYS */;
UNLOCK TABLES;

--
-- Table structure for table `settings`
--

DROP TABLE IF EXISTS `settings`;
/*!40101 SET @saved_cs_client     = @@character_set_client */;
/*!40101 SET character_set_client = utf8 */;
CREATE TABLE `settings` (
  `id` int(11) NOT NULL AUTO_INCREMENT,
  `domain` varchar(255) NOT NULL DEFAULT 'live-loto.com',
  `sitename` varchar(255) NOT NULL DEFAULT 'Live-Loto.com',
  `title` varchar(255) NOT NULL DEFAULT 'Live-Loto.com - Лучшая моментальная лотерея',
  `desc` text,
  `keys` text,
  `min_dep` double(20,2) NOT NULL DEFAULT '50.00',
  `max_dep` double(20,2) NOT NULL DEFAULT '100000.00',
  `facebook_link` varchar(255) DEFAULT NULL,
  `youtube_link` varchar(255) DEFAULT NULL,
  `instagram_link` varchar(255) DEFAULT NULL,
  `vk_link` varchar(255) DEFAULT NULL,
  `vk_support_link` varchar(255) DEFAULT NULL,
  `order_id` int(11) DEFAULT '1',
  `mrh_ID` int(11) DEFAULT NULL,
  `mrh_secret1` varchar(255) DEFAULT NULL,
  `mrh_secret2` varchar(255) DEFAULT NULL,
  `fk_api` varchar(255) DEFAULT NULL,
  `fk_wallet` varchar(255) DEFAULT NULL,
  `best_1` int(11) NOT NULL DEFAULT '1',
  `best_2` int(11) NOT NULL DEFAULT '2',
  `best_3` int(11) NOT NULL DEFAULT '3',
  `best_1_sale` double(20,2) NOT NULL,
  `best_2_sale` double(20,2) NOT NULL,
  `best_3_sale` double(20,2) NOT NULL,
  `services_category` int(1) DEFAULT '1',
  `created_at` timestamp NOT NULL DEFAULT CURRENT_TIMESTAMP,
  `updated_at` timestamp NULL DEFAULT NULL ON UPDATE CURRENT_TIMESTAMP,
  PRIMARY KEY (`id`)
) ENGINE=InnoDB AUTO_INCREMENT=2 DEFAULT CHARSET=utf8;
/*!40101 SET character_set_client = @saved_cs_client */;

--
-- Dumping data for table `settings`
--

LOCK TABLES `settings` WRITE;
/*!40000 ALTER TABLE `settings` DISABLE KEYS */;
INSERT INTO `settings` (`id`, `domain`, `sitename`, `title`, `desc`, `keys`, `min_dep`, `max_dep`, `facebook_link`, `youtube_link`, `instagram_link`, `vk_link`, `vk_support_link`, `order_id`, `mrh_ID`, `mrh_secret1`, `mrh_secret2`, `fk_api`, `fk_wallet`, `best_1`, `best_2`, `best_3`, `best_1_sale`, `best_2_sale`, `best_3_sale`, `services_category`, `created_at`, `updated_at`) VALUES (1,'webgamestore.ru','webgamestore','WEBGAMESTORE','webgamestore.ru - Лучшие готовые скрипты и назаказ!','Скрипты, сайты, дешево, webgamestore, WEBGAMESTORE.RU, рулетки, магазины,сайт на заказ,рулетка на закз,сайт мгновенных игр, сайт лотерея',0.00,100000.00,NULL,'https://m.youtube.com/channel/UC9wteByn7orZ4m99nP0H3UQ/featured?view_as=public',NULL,'https://vk.com/webgamestore','https://vk.com/write-182034575?mvk_entrypoint=community_page',19,160834,'1cg9mwmo','euftr8gh','EDA3E4480246EC56484A4E71FDD61C71','F107061064',25,24,13,25.00,15.00,10.00,4,'2019-08-25 10:10:00','2020-02-08 06:10:59');
/*!40000 ALTER TABLE `settings` ENABLE KEYS */;
UNLOCK TABLES;

--
-- Table structure for table `users`
--

DROP TABLE IF EXISTS `users`;
/*!40101 SET @saved_cs_client     = @@character_set_client */;
/*!40101 SET character_set_client = utf8 */;
CREATE TABLE `users` (
  `id` int(11) NOT NULL AUTO_INCREMENT,
  `user_id` varchar(255) NOT NULL,
  `username` varchar(255) NOT NULL,
  `avatar` text NOT NULL,
  `balance` double(20,2) NOT NULL DEFAULT '0.00',
  `is_admin` int(1) NOT NULL DEFAULT '0',
  `reg_ip` varchar(255) NOT NULL,
  `last_ip` varchar(255) NOT NULL,
  `ban` int(1) NOT NULL DEFAULT '0',
  `ban_reason` varchar(255) DEFAULT NULL,
  `remember_token` varchar(255) DEFAULT NULL,
  `ref` varchar(255) DEFAULT NULL,
  `created_at` timestamp NOT NULL DEFAULT CURRENT_TIMESTAMP,
  `updated_at` timestamp NULL DEFAULT NULL ON UPDATE CURRENT_TIMESTAMP,
  PRIMARY KEY (`id`)
) ENGINE=InnoDB AUTO_INCREMENT=164 DEFAULT CHARSET=utf8;
/*!40101 SET character_set_client = @saved_cs_client */;

--
-- Dumping data for table `users`
--

LOCK TABLES `users` WRITE;
/*!40000 ALTER TABLE `users` DISABLE KEYS */;
INSERT INTO `users` (`id`, `user_id`, `username`, `avatar`, `balance`, `is_admin`, `reg_ip`, `last_ip`, `ban`, `ban_reason`, `remember_token`, `ref`, `created_at`, `updated_at`) VALUES (1,'425427455','Александр Иванов','https://sun9-29.userapi.com/c858124/v858124441/9e5e3/6c45xOevxtY.jpg?ava=1',11700.00,1,'77.111.244.95','77.111.244.100',0,NULL,'axccJX268u9PgqnBgbM1yoc3G4dGKbT6p440qcKD9siTXrsxQkbtjZ7OkhYm','7offers_221486665','2019-10-17 18:57:28','2019-11-07 19:20:12'),(2,'260291472','Vim Vimo','https://sun9-13.userapi.com/c836735/v836735472/8ae3/J3F3jW2U024.jpg?ava=1',83519.00,1,'91.193.176.50','91.193.176.28',0,NULL,'x0LBchbZfymFjwbQERHwpYgTRrgZer8NJvJtBGdk9CLvVRhMoIUjcy9OHXOZ',NULL,'2019-10-18 04:36:42','2020-01-31 07:16:44'),(3,'514748786','Эльнур Гырхиев','https://sun9-40.userapi.com/c855432/v855432722/1dc597/8zEgHC6omLI.jpg?ava=1',0.00,0,'84.18.120.226','178.204.252.75',0,NULL,'2mTwC2aZXPDME4uHp8DGm4QGewPl9EBBpFPVkuaZ2rCDANavmVa83Sm8wnC2',NULL,'2019-10-19 02:35:37','2020-02-06 09:41:46'),(4,'560914762','Евген Вулак','https://vk.com/images/camera_200.png?ava=1',0.00,0,'178.62.85.75','178.62.85.75',0,NULL,'5rSjyq4hnxwStyZQg0SDCZ3IPVfTh2ENi1ktw8oVekWjefBjiKno1E0ecm4i',NULL,'2019-10-20 03:26:08','2019-10-20 06:26:08'),(5,'427761187','Алексей Котов','https://sun9-37.userapi.com/c851420/v851420606/6d3a0/QbLHACOCVkE.jpg?ava=1',0.00,0,'178.216.222.238','178.216.222.196',0,NULL,'MCVh5AXRBk3BMclxX8ZW4lRlQ9GiPJf7xDpDEc25OwSrwNd5bbkS3QFOTCBS',NULL,'2019-10-20 06:55:26','2020-02-01 07:59:59'),(6,'120791900','Александр Шалин','https://sun9-5.userapi.com/c845218/v845218143/1abdfe/0DjnBrMJb4Y.jpg?ava=1',0.00,0,'212.164.38.173','212.164.38.173',0,NULL,'6rdYPDJGDhqaIOyGrJ7ABbIEhTuKkfGgtvzaJaqe0Y3vQMFpozYSh5kqGItq',NULL,'2019-10-21 15:12:20','2019-10-21 18:12:20'),(7,'535761595','Нариман Абдулов','https://vk.com/images/camera_200.png?ava=1',0.00,0,'213.87.157.57','213.87.157.57',0,NULL,'2d2obnAnkqhT53W6QvYwPZQbYzimhEIGGyJlIgSYglCKrFU1OpXkqf84YYsV',NULL,'2019-10-21 19:43:52','2019-10-21 22:43:52'),(8,'283629965','Артём Гурулёв','https://sun9-62.userapi.com/c846217/v846217579/50879/JPU9x-5GIUc.jpg?ava=1',0.00,0,'95.189.78.244','95.189.78.244',0,NULL,'nec5Whj0MZdnrsgyaS90uW8iGJ0JVhs1l3dotIseUl1FQ1nsDpThBBCandb8',NULL,'2019-10-23 00:51:02','2019-10-23 03:51:02'),(9,'546676977','Ренат Гусейнов','https://sun9-52.userapi.com/c855336/v855336446/f2c68/z_LFVFbJrdc.jpg?ava=1',0.00,0,'188.19.25.236','90.151.40.157',0,NULL,'wuFlU08d2CaNDPCQPlfIDLM0DD6NX4qHz0nih8XymzyFJUr8ckwOyKzb46Gv',NULL,'2019-10-24 05:35:56','2019-10-29 04:56:55'),(10,'25939033','Иван Ткачёв','https://sun9-24.userapi.com/c854024/v854024484/c9431/h6XW6pM4xM4.jpg?ava=1',0.00,0,'37.110.144.72','37.110.144.72',0,NULL,'288e1JLHeTJj7QglXPhnBCqBm7qMwM36QlvUUvCvBR8cQMuyVbT73pHK8QMY',NULL,'2019-10-24 10:59:19','2019-10-24 13:59:19'),(11,'64738520','Эдуард Вишняков','https://sun9-62.userapi.com/c639825/v639825869/35633/YjzippjrRWw.jpg?ava=1',0.00,0,'46.45.218.162','46.45.218.162',0,NULL,'FvNQ42gIa8Wx2rdmNdMEVyGWGFlyQXJwWnPuaOP24vBSc5hr2Dj3j1MfjcN0',NULL,'2019-10-25 06:42:13','2019-10-25 09:42:13'),(12,'491438661','Максим Лобанов','https://sun9-26.userapi.com/c845323/v845323130/1f4adc/UHLnuwNcrxc.jpg?ava=1',0.00,0,'5.144.96.93','5.144.96.93',0,NULL,'nOTMVEJgT4YVemFByjBiaT5RbhsnGW1Qdr8ni4ZW4KQJi7D9RMN2Ax3Jmt4s',NULL,'2019-10-27 09:19:52','2019-10-27 12:19:52'),(13,'323854333','Лариса Иванова','https://sun9-43.userapi.com/c631226/v631226333/41b3c/mVf-pHYFWkI.jpg?ava=1',0.00,0,'185.135.99.155','185.135.99.155',0,NULL,'cjr2877UvGhGoXbbTyjogjFtCnkfW4KiHmsFNZYW6rbzQBizfId8naQXuaT0',NULL,'2019-10-27 12:58:00','2019-10-27 15:58:00'),(14,'433536545','Никис Насыров','https://sun9-9.userapi.com/c846523/v846523560/fdeb1/2nYhHIHvP0s.jpg?ava=1',0.00,0,'188.162.238.163','188.162.238.163',0,NULL,'aD4J8W8UDBoC6QlxAoOxYK4TKMliUEjoWvy8P6mDDW2UtO5hNPCW8kjkNKHc',NULL,'2019-10-28 03:16:07','2019-10-28 06:16:07'),(15,'565981443','Vdlu Duud','https://vk.com/images/camera_200.png?ava=1',0.00,0,'213.230.81.87','213.230.81.87',0,NULL,'AuNbkS7pSgceGt3ph0DprVum3NvXsyHy1ACpngpsM7Jq7YTBLSWwuZ0XzuK2',NULL,'2019-10-28 03:26:54','2019-10-28 06:26:54'),(16,'561710949','Tofan Vg','https://vk.com/images/camera_200.png?ava=1',0.00,0,'188.170.192.238','188.170.192.238',0,NULL,'78enMtbV5fPyYHiM8wherM73bjuqSrasiAZw7VOqO41R3GMCzOBa6zqzt8CE',NULL,'2019-10-28 15:16:54','2019-10-28 18:16:54'),(17,'365455627','Андрей Шестопалов','https://sun9-44.userapi.com/c848628/v848628106/1a31b/YkUKJZxFK78.jpg?ava=1',0.00,0,'185.42.147.104','185.42.147.104',0,NULL,'hWDyHMJYDKloRk1SJZa3XNe7sOC5DUvyF1o0bj9MfIYgz2SDJodPixsDJS7R',NULL,'2019-10-29 05:52:48','2019-10-29 08:52:48'),(18,'396126955','Данилка Юров','https://sun9-29.userapi.com/c856016/v856016449/39100/Bgk1vSpFCVQ.jpg?ava=1',0.00,0,'2a00:1fa0:4841:8022:ac28:a533:20be:b6b2','2a00:1fa0:4841:8022:ac28:a533:20be:b6b2',0,NULL,'qq64MuNBd7UjaHfouwyZkKOf1F6cf2UHM5mLLwPKLPzYsQcZgsCfvKccFozQ',NULL,'2019-10-29 06:17:14','2019-10-29 06:17:36'),(19,'271788263','Сергей Змиевский','https://sun9-13.userapi.com/c855736/v855736810/b613d/c3gmtefcw9E.jpg?ava=1',0.00,0,'46.101.40.25','46.101.40.25',0,NULL,'H7sUlSnoBEaUBLcHFfYw3iH4ePP7QHYyqa1PdunxQniC1apPaecd0zwpqM4m',NULL,'2019-11-01 14:27:21','2019-11-01 17:27:21'),(20,'564019832','Надежда Фокина','https://sun9-64.userapi.com/c855720/v855720574/149e82/OBw3cWN4a-o.jpg?ava=1',0.00,0,'188.162.238.245','188.162.238.245',0,NULL,'XAzFgMlFU2fo8ogFch92hBIGByxvLwTkM0X1LmxXGgweotK4RmLgsuE0jB5W',NULL,'2019-11-01 23:03:44','2019-11-02 02:03:44'),(21,'189330853','Владислав Лазарев','https://sun9-68.userapi.com/c854524/v854524382/de766/0MULGp1RhXc.jpg?ava=1',0.00,0,'213.87.161.104','213.87.161.104',0,NULL,'9ydPoPMc7X86SP98iCWyOxM1hUphx1VWgQZykPLJRxZub3Y8WKFhCkKYrRbz',NULL,'2019-11-02 09:49:17','2019-11-02 12:49:17'),(22,'356187146','Виталий Иванов','https://sun9-68.userapi.com/c850420/v850420725/1bacc4/e5iHJp6WyGc.jpg?ava=1',0.00,0,'37.212.92.161','37.212.92.161',0,NULL,'4fRT87xy7pKyu8yI10D82HyEk1fZpEuRyNphFqDRQc5XjL2ZJpaS13lE1Xx9',NULL,'2019-11-02 11:30:42','2019-11-02 14:30:42'),(23,'487655373','Иван Павлюченко','https://sun9-69.userapi.com/c855024/v855024021/ad429/Z13iVoVRRqI.jpg?ava=1',0.00,0,'176.59.204.73','176.59.204.73',0,NULL,'aIOnX33JJU5eMB8oSVJmShmAm5iUXUZfwIhkPJdKGdHlg1Q1wSJAPm8xfFbF',NULL,'2019-11-02 22:28:39','2019-11-02 22:29:08'),(24,'281740299','Станислав Устимов','https://sun9-2.userapi.com/c846418/v846418546/63461/EXdCFav-KZo.jpg?ava=1',0.00,0,'195.88.17.197','195.88.17.197',0,NULL,'0c4ACVLilv8v17A58jWDWPokWynK2Hy0qdLOdGdkpYqLqPNdsjEZBwzeERkn',NULL,'2019-11-03 04:41:09','2019-11-03 07:41:09'),(25,'568552302','Jocer Top','https://sun9-41.userapi.com/c858428/v858428796/d19cf/f0UTV6SC7oU.jpg?ava=1',0.00,0,'46.251.214.97','46.251.214.97',0,NULL,'FWSJrJo0fD6dEbqLnykGJcmYTBPCG88ZGFR4vhIx2PvOOa1TLb5VFwOWIKs7',NULL,'2019-11-05 15:27:38','2019-11-05 18:27:38'),(26,'502665288','Memot Mt','https://sun9-69.userapi.com/c855132/v855132999/158a32/YE4yTphnBx8.jpg?ava=1',0.00,0,'94.180.176.153','94.180.176.153',0,NULL,'V8awSqjSxw9gA8s21KH9GrhwSb6zYqsZ2I7fNYomfxlk2Xm55fKbbFKPlLrd',NULL,'2019-11-06 18:18:11','2019-11-07 12:19:17'),(27,'440297607','Алексей Самсонов','https://sun9-6.userapi.com/c851128/v851128134/1ee54b/MBpEFaggJdM.jpg?ava=1',0.00,0,'89.237.32.40','89.237.32.40',0,NULL,'aJ8rx3JCgMxMvuN4VLhuD7og1mzlOnzmQo8SbTr7ynoYxPMAG6Y9ONE1NVGe',NULL,'2019-11-10 10:16:38','2019-11-10 10:17:36'),(28,'520174724','Bang Haha','https://sun9-56.userapi.com/c856124/v856124254/15d266/YvTAwX8T1i4.jpg?ava=1',0.00,0,'5.44.172.251','5.44.172.251',0,NULL,'HWMtS045H7e8cI4pwJuks0oQxNuRpAt74ffUxx9knCedpr6JCMvNGINU4DeZ',NULL,'2019-11-10 12:16:40','2019-11-10 15:16:40'),(29,'477191911','Дмитрий Боровой','https://sun9-57.userapi.com/c845520/v845520540/18f5a3/y5DFQ5N1lXg.jpg?ava=1',0.00,0,'178.121.58.103','178.121.58.103',0,NULL,'XN6fb1EsWJYTC68lrX5Pi92Ig1pW7R6DXCY4vIVy1R5qdqLnfRT5GyTs7jhm',NULL,'2019-11-10 15:20:12','2019-11-10 18:20:12'),(30,'380750868','Валерий Думский','https://sun9-68.userapi.com/c848524/v848524848/1c7544/UWtbILuGmBg.jpg?ava=1',0.00,0,'109.165.88.46','109.165.88.46',0,NULL,'ZIeHgusavPfAraC0yaqvTNwpHsR504BHOSHk6PVvnsyBOfKlXPVTUjS9VDXW',NULL,'2019-11-11 08:19:01','2019-11-11 11:19:01'),(31,'9798985','Макс Волков','https://sun9-3.userapi.com/c846418/v846418196/161b50/VipPRI3R-XA.jpg?ava=1',0.00,0,'62.176.15.171','62.176.15.171',0,NULL,'0VdkIjvdKlo37squnIczkrZl0TLPrNJ3SKQSTkiqbA3XZAF6Uv7uKUtGhUMn',NULL,'2019-11-11 14:28:04','2019-11-11 17:28:04'),(32,'364351351','Тамерлан Бабаев','https://sun9-54.userapi.com/c851524/v851524291/4d716/5YkIPoHTrnk.jpg?ava=1',0.00,0,'185.81.86.24','185.81.86.24',0,NULL,'0T3CSvmJUbGWP1CULbmWHF2Q4NBsbAa20C2Rnf5GvAGZ9puS0qzH86x6nHKF',NULL,'2019-11-11 15:08:44','2019-11-11 18:08:44'),(33,'241967676','Милана Аркадьевна','https://sun9-4.userapi.com/c630323/v630323676/492c3/POMKMs6xMi0.jpg?ava=1',0.00,0,'46.8.106.65','46.8.106.65',0,NULL,'XAvvRue2BpIh2lrMrSWaIIlMLLJcrSz2mTBue4LoW32f8lMSr8zsdPcw1CdC',NULL,'2019-11-12 20:43:35','2019-11-12 23:43:35'),(34,'564355349','Денис Дже','https://sun9-34.userapi.com/c858432/v858432654/97d53/oycleBJCO28.jpg?ava=1',0.00,0,'85.140.7.240','85.140.7.240',0,NULL,'zHE13k5Xv2QRU5It2wIPqYwDgBABH9RNn01C3c5Wqq0fE495FCnPWvNKXlJj',NULL,'2019-11-13 08:43:04','2019-11-13 11:43:04'),(35,'326588498','Ваня Моньш','https://sun9-55.userapi.com/c854028/v854028580/19b465/tZQtSpu180c.jpg?ava=1',0.00,0,'94.50.178.100','178.46.199.107',0,NULL,'f9dDWVnzd3Ipq8yCr5bKDm61ZGHekuZrd79I1m5U2vt75SudidVZhfLHoedV',NULL,'2019-11-13 10:11:24','2020-01-12 10:39:25'),(36,'427248788','Валерий Ткаличев','https://sun9-4.userapi.com/c858332/v858332928/eccc8/TGVi9Hb-fHM.jpg?ava=1',0.00,0,'213.87.134.108','213.87.134.108',0,NULL,'5VgWD3QN8xJNB9crLlU0rcHhVLMHGaoseRH3PDkjQhJb2mTQyb36uCRzNs9x',NULL,'2019-11-16 10:12:02','2019-11-16 13:12:02'),(37,'249304073','Дмитрий Филимов','https://sun9-18.userapi.com/c845221/v845221859/1f3991/OumBSx-fWa8.jpg?ava=1',0.00,0,'188.163.35.24','188.163.35.24',0,NULL,'5yf2TGfs3M4f05WC1s4mLyvmnAtvIv7ZV27rpIIIIeXHyQNAIu9ZQebC0CZa',NULL,'2019-11-17 05:32:56','2019-11-17 08:32:56'),(38,'106269124','Данил Белинский','https://sun9-57.userapi.com/c858216/v858216075/95839/6Ju_3dnH1v0.jpg?ava=1',0.00,0,'213.33.218.106','213.33.218.106',0,NULL,'YmF1wxtbHowDjbTqNtNUCREiZnFRsosvfx4OSIx5KS6PT8ctdZuwNmeLrdVX',NULL,'2019-11-19 04:03:01','2019-11-19 07:03:01'),(39,'512891128','Danil Kotik','https://sun9-69.userapi.com/c851220/v851220951/13fd07/8trKePmSxwE.jpg?ava=1',0.00,0,'46.147.140.30','46.147.140.30',0,NULL,'09KT2hdwzBB0oJiRoXQZDjXuDl2ygY7uaXBiXfSAdx6dTRJERMv4t6GGS0lq',NULL,'2019-11-19 14:50:48','2019-11-19 17:50:48'),(40,'542000365','Матвей Малевский','https://sun9-52.userapi.com/c858224/v858224469/fcd4e/xRtPASOndlA.jpg?ava=1',0.00,0,'77.222.96.121','77.222.96.121',0,NULL,'YVWetxW0mhWjDiDjnTRLkT0u1tH8b07QqkSlNzJU8lRGHVn0hBaKbNxtGr0x',NULL,'2019-11-21 12:16:34','2019-11-21 15:16:34'),(41,'80394076','Игорь Дехтярчук','https://sun9-16.userapi.com/c636716/v636716076/17db/i5tFauo1JZU.jpg?ava=1',0.00,0,'77.223.69.52','77.223.69.52',0,NULL,'fWq4T05dAkeNdFoErmcgMeHG3xaJVsyUyetR2SS1SAeMNQF0Bjp3RpV8LH7R',NULL,'2019-11-21 17:46:38','2019-11-21 17:46:47'),(42,'472416528','Артём Шавалиев','https://sun9-31.userapi.com/c855724/v855724437/14d4b4/QdHzFOMBBzw.jpg?ava=1',0.00,0,'77.43.151.33','77.43.151.33',0,NULL,'SozbiZCMrQ2otUBmKSIp4dC0gXr85JnAT8OH530UsbomJ0mFk1j4inuwNizw',NULL,'2019-11-22 04:31:46','2019-11-22 07:31:46'),(43,'494637396','Glock Glpv','https://sun9-19.userapi.com/c846217/v846217369/a0544/urHcmT3ovEc.jpg?ava=1',0.00,0,'92.38.139.127','92.38.139.127',0,NULL,'55GdHUgoLomuRg7XlZ79ibg5TlVTt5ULlYxSh3XVv676MAKbeM8kAl6LB3Yt',NULL,'2019-11-24 07:18:35','2019-11-24 10:18:35'),(44,'569619080','Артур Артур','https://vk.com/images/camera_200.png?ava=1',0.00,0,'46.191.138.64','46.191.138.64',0,NULL,'Id3g0qyZSAZ9x5Am5MPYz2mSu4JfHW14uD7cORddveoRjt2LtzjJlmQFlZgY',NULL,'2019-11-24 07:36:11','2019-11-24 10:36:11'),(45,'459325404','Данила Язиков','https://sun9-18.userapi.com/c855336/v855336511/17ac48/zm2wTWCPkFM.jpg?ava=1',0.00,0,'176.223.102.156','176.223.102.156',0,NULL,'3VNAt3lO7hH1sjW4MPuCdUeB7uy4OI1lv2yFSwlUglkuXeM4hiLCqWJXb4EW',NULL,'2019-11-29 07:02:57','2019-11-29 10:02:57'),(46,'168071476','Дмитрий Мельников','https://sun9-15.userapi.com/c844320/v844320888/158563/fnLq1HIIpbs.jpg?ava=1',0.00,0,'188.163.65.173','188.163.65.173',0,NULL,'E8UAaQwc4Cq9qIapYv1OgspZuYMdOpOHuECI6LA2Yz3yJGuB6wZ4ez4jYE1C',NULL,'2019-11-29 07:08:38','2019-11-29 10:08:38'),(47,'134829856','Владислав Грандов','https://sun9-45.userapi.com/c845218/v845218011/17efe5/_cpwLddSidY.jpg?ava=1',0.00,0,'37.195.125.33','37.195.125.33',0,NULL,'mWSS6x5wMrJKP0okiUrcsdZBIUyH2AAN6EwbhhzM4uDh4pabDOeNcSlrpqLG',NULL,'2019-11-29 07:13:56','2019-11-29 10:13:56'),(48,'231531779','Владимир Левин','https://sun9-12.userapi.com/c850528/v850528698/6544c/47wEyf-j4-I.jpg?ava=1',0.00,0,'188.162.72.105','188.162.72.105',0,NULL,'WUrZ4nhBvU3e98D0XXy5UhPgb4fSqMTXwWouqNmBsjibCzAMCkDWZfMybkNB',NULL,'2019-11-29 08:27:04','2019-11-29 08:27:59'),(49,'439746150','Valoo Buban','https://vk.com/images/camera_200.png?ava=1',0.00,0,'91.215.89.225','91.215.89.225',0,NULL,'hOACnOfepZVojzZ8PPptg0T0UvF1gje0UJoURuifSJcNoxX0Mvp1DN8w9uLx',NULL,'2019-11-29 11:17:26','2019-11-29 14:17:26'),(50,'268033819','Ваня Шаталов','https://sun9-26.userapi.com/c854016/v854016568/1463f3/WRPg3IHlFs8.jpg?ava=1',0.00,0,'176.121.202.153','176.121.202.153',0,NULL,'7PgybCAKjHObZhwoBZZrUBVS4qZrxJWoWt0Ci0ZYdjiwhf9uA9jfkYSK17G4',NULL,'2019-11-29 15:17:07','2019-11-29 18:17:07'),(51,'188743036','Роман Мажитов','https://sun9-67.userapi.com/c855728/v855728682/111b18/3q_dO2gbrVQ.jpg?ava=1',0.00,0,'77.222.111.102','77.222.111.102',0,NULL,'4KhsjgdWypqPOdb5JbZqOyz5MXpmBNJ5Mpe1j10thhaI9KnQOKVhtEvwHCBu',NULL,'2019-11-29 15:43:32','2019-11-29 18:43:32'),(52,'542107936','Пикачу Золотов','https://sun9-59.userapi.com/c857216/v857216728/2b9eb/5kCrxA3fITE.jpg?ava=1',0.00,0,'46.42.175.165','46.42.175.165',0,NULL,'hRGaISlbIApSHE4LudnoCmtsay3wyHjXDgpQHECPf4JosmChF8FZP7iQ46L4',NULL,'2019-11-29 15:50:08','2019-11-29 18:50:08'),(53,'439981416','Данил Романов','https://sun9-20.userapi.com/c855016/v855016841/15e6bd/Nnc-4cMmH9w.jpg?ava=1',0.00,0,'5.166.52.36','5.166.52.36',0,NULL,'JD5kEslovmR6kF0Do3rRa1P0p0CnIOBzmOop8gKCtQfwgcPoRuSUfT40r5l8',NULL,'2019-11-29 15:51:57','2019-11-29 18:51:57'),(54,'562734316','Андреан Пушкаренко','https://vk.com/images/camera_200.png?ava=1',0.00,0,'31.31.5.32','31.31.5.32',0,NULL,'jTWSxW0y8BL3hgJMZCyIqC4ADHFfFwdOQkiMoLXM9iGdXcTpJK58rHxOZybK',NULL,'2019-11-29 15:53:53','2019-11-29 18:53:53'),(55,'501546075','Роман Ивлев','https://sun9-33.userapi.com/c854324/v854324971/67703/2caXFobW7Es.jpg?ava=1',0.00,0,'88.147.138.252','88.147.138.252',0,NULL,'vG9Q1zmUXvvciMJRP51zLzlOrpkZKLpBPY22qCmwiczOgC0y3nJuQovjKBd2',NULL,'2019-11-29 17:01:01','2019-11-29 20:01:01'),(56,'431284590','Dmitry Bezgachev','https://sun9-48.userapi.com/c858024/v858024368/f0138/5HOOYpgbAeY.jpg?ava=1',0.00,0,'158.46.5.211','158.46.5.211',0,NULL,'081k2G8l6Fp4o6eFSLc7R6tNg445c5KYDD7t6myGlvmqrI6SUuAkrZehyTLv',NULL,'2019-11-29 17:02:03','2019-11-29 20:02:03'),(57,'224583777','Сергей Лудов','https://sun9-58.userapi.com/c856120/v856120139/65ae7/6vXtBMPrFx0.jpg?ava=1',0.00,0,'213.87.122.242','213.87.127.41',0,NULL,'XeQ4id4ZOFJY0pK7EY490INvMgM6knIqEMlb3yxPhecd8Pwi810fOhlr4D2t',NULL,'2019-11-29 17:10:06','2019-12-11 14:07:22'),(58,'256908931','Данила Павлов','https://sun9-62.userapi.com/c830608/v830608743/b75e2/o27gADRqFCU.jpg?ava=1',0.00,0,'91.76.128.214','91.76.128.214',0,NULL,'Eoe402QNAwgdndfncTsonrEWCicnai9HgCw3piWbRncV42edi2oq4Rb9KN9m',NULL,'2019-12-01 04:46:36','2019-12-01 07:46:36'),(59,'556125145','Владислав Павлов','https://sun9-21.userapi.com/c857636/v857636922/e3b4d/kjN0P-du2yM.jpg?ava=1',0.00,0,'31.163.168.88','31.163.168.88',0,NULL,'kGQGQSzlrm2tuGHAHGLqxMX2WRAc3VkX2tZE8CuDbHdaiSl6PKCtuBVylzZw',NULL,'2019-12-01 10:53:17','2019-12-01 13:53:17'),(60,'111845967','Константин Бугулов','https://sun9-21.userapi.com/c604529/v604529967/2e1f1/4mIOfNiA_Pc.jpg?ava=1',0.00,0,'5.35.158.71','5.35.158.71',0,NULL,'oWWrfuscncSGvvmnW1mahzoTXk37ubCge7YUNLQKJMt2MgrxDmyO0mnEm7ka',NULL,'2019-12-01 11:34:08','2019-12-01 14:34:08'),(61,'101083448','Никита Бугаев','https://sun9-67.userapi.com/c855220/v855220515/f5ef9/CnCZ0pBAuuA.jpg?ava=1',0.00,0,'178.234.122.242','95.179.127.231',0,NULL,'nI29RP2gWj7JgrDK12d7DdNGFniTw8DJzOnOEcjTr75Uc5dbhcr1gUUDupPu',NULL,'2019-12-01 11:50:49','2019-12-16 14:08:52'),(62,'527407809','Влад Вальцман','https://sun9-71.userapi.com/c850420/v850420315/149b33/OSN0NOFF2mI.jpg?ava=1',0.00,0,'95.153.137.88','95.153.137.88',0,NULL,'DEUqtWsHRiAhE9aSTEuWGwMsHATOMHaxxgC3x5ZJHlNogwXkiXin0WI0RivS',NULL,'2019-12-02 10:30:50','2019-12-02 13:30:50'),(63,'85281105','Антон Ауринский','https://sun9-59.userapi.com/c851132/v851132081/1e0dfb/azlSF_Y1neo.jpg?ava=1',0.00,0,'109.229.131.251','91.189.244.199',0,NULL,'QwkpY2z8zwvsVpq9iUTHo2ChWr2cBGitdiCiK42VkTx4X4Al3PN9NJSlyaVR',NULL,'2019-12-02 14:09:33','2020-02-14 08:02:59'),(64,'234932897','Андрей Белый','https://sun9-65.userapi.com/c857524/v857524750/e86f8/kUHPJ-NPybo.jpg?ava=1',0.00,0,'193.176.84.211','193.176.84.211',0,NULL,'6yOUJwa7MMBiz8VNqachencVRN5zh0Ol4EFGCEVJa9JrUAv0cE9Ruo1XYZNt',NULL,'2019-12-02 21:48:01','2019-12-03 00:48:01'),(65,'551621893','Кеша Кешевский','https://sun9-20.userapi.com/c855528/v855528355/16cc12/W8mUrrZljA8.jpg?ava=1',0.00,0,'94.228.207.180','94.228.207.180',0,NULL,'J2bY6vROjgOWRtEoM4GCfqVie5Y3T8uRI5kS3kXPH0S1yuy9gtCyrktc6f4C',NULL,'2019-12-04 01:55:09','2020-01-28 09:19:06'),(66,'310005147','Никита Шкуратов','https://sun9-60.userapi.com/c850428/v850428830/1b17a2/rEkltjsx9mw.jpg?ava=1',0.00,0,'46.165.14.227','46.165.14.227',0,NULL,'ebMhShHtDTeymBv8Ejde9fkZ8eyKHEZRgTX9tTXFEBDZQZsQfMjtUf1AjGg5',NULL,'2019-12-04 04:34:43','2019-12-04 07:34:43'),(67,'224385911','Владислав Виштак','https://sun9-63.userapi.com/c852136/v852136576/1d6399/Tp5YQhusnhE.jpg?ava=1',0.00,0,'178.162.198.118','193.34.232.12',0,NULL,'pa9rFRBnxQugUsuBOq2T4W0Y5FpMAWJF87TmjZyW2nTsc1yVo3RJ1eQfLlUC',NULL,'2019-12-05 13:12:08','2020-02-01 19:57:42'),(68,'424823878','Alexander Filip','https://sun9-56.userapi.com/c846021/v846021266/f29ad/xYtVGAjp0IA.jpg?ava=1',0.00,0,'188.208.122.59','188.237.60.254',0,NULL,'7PbmvS3beujQUoK5IhtOrJRJJ0oNt1r5ztKFzymcHn86KHjR3sJOakqVW6Xr',NULL,'2019-12-06 16:04:31','2019-12-16 06:00:52'),(69,'242625064','Даниил Долгов','https://sun9-50.userapi.com/c858428/v858428190/ea2c2/dY6vyKySalo.jpg?ava=1',0.00,0,'176.107.81.204','176.107.81.204',0,NULL,'NjAuKyl2rOUYhOlamHHKKhlOU1uGIT485UEOiGAM4tSNFDjdC8BoTtxFWvx2',NULL,'2019-12-07 06:19:33','2019-12-07 09:19:33'),(70,'419294594','Ильхам Альмиев','https://sun9-61.userapi.com/c830608/v830608299/171491/YevGxwWTPng.jpg?ava=1',0.00,0,'176.59.109.24','176.59.109.24',0,NULL,'Ss8hHIOAZUEgeXc3Lwq83yWJbmjXol6qLVpd32Cdci7sYMh5ZPS5Jwr9y3lq',NULL,'2019-12-07 10:22:59','2019-12-07 13:22:59'),(71,'448209413','Аслан Дадашов','https://sun9-64.userapi.com/c855124/v855124248/149a9c/dOujstbf944.jpg?ava=1',0.00,0,'85.140.0.223','85.140.0.223',0,NULL,'Bn9aRg9bQBn6cUfTfl0BeAxBcaAYj5EsFbiUglhwseyUM9dL6yTJfdYCEIVk',NULL,'2019-12-07 13:03:24','2019-12-07 16:03:24'),(72,'484230712','Bhh Js','https://sun9-57.userapi.com/c857328/v857328688/84896/a4BMOKjAzos.jpg?ava=1',600.00,0,'31.41.71.18','104.248.246.117',0,NULL,'Y5clF0L4byHfDTA9Q9pERqgLO6hohyBaEFn0P6yFTiKuRDffjE3rpzjHu3fK',NULL,'2019-12-10 13:49:17','2019-12-16 22:38:51'),(73,'156972919','Владислав Борисов','https://sun9-19.userapi.com/c855424/v855424314/126dbd/syqHFoKNY1s.jpg?ava=1',0.00,0,'95.26.183.160','95.26.183.160',0,NULL,'kykg9OIHhe3YiFKaPXw99VxtjBqGUHhp18oFLDmPqWyRK5aYfRcVzfqkc4XU',NULL,'2019-12-11 16:53:45','2019-12-11 16:53:59'),(74,'80253967','Шамиль Эминов','https://sun9-8.userapi.com/c855232/v855232285/b3777/x2QK_UWe_nU.jpg?ava=1',0.00,0,'95.27.212.220','95.27.212.220',0,NULL,'G07iS1ZOV3N5gz5M3HnLX1K5fxP9ube7oGGZ8r2u9lHzqPIRsL1lHCeEBon3',NULL,'2019-12-12 00:35:08','2019-12-12 03:35:08'),(75,'552965983','Ibask Projec\'t','https://sun9-48.userapi.com/c853516/v853516755/104165/PGK-SDChe0A.jpg?ava=1',0.00,0,'185.39.113.25','185.39.113.25',0,NULL,'19ZlnP9C0qpdo6PBW7HcqcOjRCiyS3DdsY7meuOAm1kck0dOWs2zjqPZ7vyz',NULL,'2019-12-12 06:10:50','2020-01-30 10:52:18'),(76,'294077072','Никита Пяткин','https://sun9-42.userapi.com/c857332/v857332375/4a30/D6r5mIEcSIQ.jpg?ava=1',0.00,0,'2a00:1370:8124:31d9:a568:79f8:50bf:4d12','2a00:1370:8124:31d9:a568:79f8:50bf:4d12',0,NULL,'UsZ9sbtLOrDDZUNmolJlgZvElTTWi8KhdtoA7maGiHEX4eGIjo87GuwHkrAe',NULL,'2019-12-12 18:28:29','2019-12-12 21:28:29'),(77,'174001745','Илья Трефилов','https://sun9-28.userapi.com/c850528/v850528260/140eb1/TN_Xf9ivWyg.jpg?ava=1',0.00,0,'31.128.35.104','31.128.35.104',0,NULL,'rzYtVgz3ut6rHKE1XRDqTH2SfpBcvRYJQaM9JMqLi3pePCL8oPJoAE051K5F',NULL,'2019-12-13 04:05:05','2019-12-13 07:05:05'),(78,'475824879','Фаиль Файзуллин','https://sun9-51.userapi.com/c850036/v850036004/fe4a/LCX0QWx5lnU.jpg?ava=1',0.00,0,'31.8.25.128','31.8.25.128',0,NULL,'bdrR5PL7NQfmtxxCuYFV4rmgictwouE6GwUqDZh2vaxJQWcygch0WjZ0Q1Kp',NULL,'2019-12-14 10:27:34','2019-12-14 13:27:34'),(79,'279419871','Владимир Андриянов','https://sun9-61.userapi.com/c858424/v858424722/7422a/Fq-OChmC_II.jpg?ava=1',0.00,0,'85.95.178.56','85.95.189.208',0,NULL,'A9TDmo9U7aDt7I0uLEpuMdcNK7V5RexW5U0nrLX9A5ETD9lBKspJ8X8yjMVD',NULL,'2019-12-14 15:21:34','2020-01-28 06:54:09'),(80,'476147307','Nionly Quantum','https://sun9-39.userapi.com/c849524/v849524003/86299/zCnpdFHhjBk.jpg?ava=1',0.00,0,'5.129.18.46','5.129.18.46',0,NULL,'szeEk2ULaAxZ5fGz0jXUt7HTcn6cVQdLLf8uRz1rcFcZEu0jetAK0a6Y77fp',NULL,'2019-12-15 11:12:04','2019-12-19 09:09:32'),(81,'497741041','Oyun Paketim','https://sun9-3.userapi.com/c857120/v857120491/1d2a1/hZCYISrPgFk.jpg?ava=1',0.00,0,'51.91.31.157','51.91.31.157',0,NULL,'oFw5uXVHENak0SWB5NFspXqrWA6bkZkDwB3fDEfCWfqUiHduGWcHECLY5kwj',NULL,'2019-12-15 13:03:37','2019-12-15 16:03:37'),(82,'453918049','Егор Соколов','https://sun9-51.userapi.com/c845419/v845419837/6fe13/zfzUcRTVixI.jpg?ava=1',0.00,0,'46.48.113.14','46.48.113.14',0,NULL,'VKmYxCnb5vhKrHTtEIfX65rzDwA6Mis1dWWktqALbzpiO6YeQxAhDYNMSZcw',NULL,'2019-12-16 14:07:52','2019-12-16 17:07:52'),(83,'141629303','Влад Мирошкин','https://sun9-20.userapi.com/c858428/v858428823/3731f/_Fb-eDBaTwg.jpg?ava=1',0.00,0,'185.75.180.138','185.75.180.138',0,NULL,'cYnS6QeU61jvyRtp6nb9QEYBj0LnNZmFZfMprNKMKzPYb66OhUfpnVjfIvzy',NULL,'2019-12-16 18:34:34','2019-12-16 21:34:34'),(84,'283487168','Евгений Шишов','https://sun9-25.userapi.com/c857632/v857632063/3c44/d2RK262besA.jpg?ava=1',0.00,0,'95.72.154.219','95.72.154.219',0,NULL,'KiEFL8jDT8qtlReAAzDkrwqWWIDJVtWI9IRRX1yetFqkZx4uSH509IqjJyl7',NULL,'2019-12-17 08:15:52','2019-12-17 10:10:39'),(85,'438792021','Артём Буров','https://sun9-35.userapi.com/c857520/v857520162/e7063/670EoBci0vI.jpg?ava=1',0.00,0,'95.153.134.64','95.153.134.64',0,NULL,'X9n5n5rgnSxrLZe6OL1wEc7gyldMlvneynJFsuCxTsBqpeVtzLIx0TaYqLKY',NULL,'2019-12-18 09:00:54','2019-12-18 09:01:04'),(86,'422794396','Настя Ковальчук','https://sun9-46.userapi.com/c858416/v858416355/e0cb6/J-7QrNJrRNU.jpg?ava=1',0.00,0,'84.39.247.153','84.39.247.153',0,NULL,'pv03TGnqKGoSftm7pnmP9UDj0G0NkrIJnZEtkVujqzJqqs7U23Hu73KMUVYh',NULL,'2019-12-18 12:10:37','2019-12-19 15:40:13'),(87,'274969784','Данил Миргородский','https://sun9-62.userapi.com/c205516/v205516003/3be6/K3d2UNgONL8.jpg?ava=1',0.00,0,'178.128.161.113','178.128.161.113',0,NULL,'chltRJjWnwJSOAs9b3Q1wsr8SfG6eom8iyEMTa6PT3MCyFta4oaEI3QmoibW',NULL,'2019-12-18 22:16:05','2019-12-19 01:16:05'),(88,'230316474','Азат Исхаков','https://sun9-46.userapi.com/c850016/v850016830/ed539/5ohsh87cKq4.jpg?ava=1',0.00,0,'87.117.185.28','87.117.185.28',0,NULL,'TVaoCnf7n1dWQ6dnOU7vu202Wf6gpe6epnIH6EzrkhPFsBMFIyJGQbdh0xaP',NULL,'2019-12-19 15:09:07','2019-12-19 18:09:07'),(89,'487806394','Сергей Верлицский','https://sun9-39.userapi.com/c846121/v846121106/4edd9/AIx1x6UzEEY.jpg?ava=1',0.00,0,'5.199.194.201','5.199.194.201',0,NULL,'rQ6MQIlxocrpxRonwxl3c0bPc2MB9ug5kEEssiApQmWZ3LODFoHY8vWmfzDv',NULL,'2019-12-20 05:52:42','2019-12-20 08:52:42'),(90,'523854078','Igor Dralov','https://sun9-63.userapi.com/c850016/v850016626/1a83e5/MT2TAldYgHc.jpg?ava=1',0.00,0,'37.214.0.139','37.214.0.139',0,NULL,'eOp3r8aQv5HfltkBWFI1mVYLvFzKu8K64NxMbEeBpiKZnzn2rnSjMTuLZqvK',NULL,'2019-12-21 03:37:51','2019-12-21 03:38:18'),(91,'167581499','Artem Gordan','https://sun9-15.userapi.com/c626131/v626131499/5d0f3/FHWBsZ5U6eg.jpg?ava=1',0.00,0,'85.140.86.120','92.39.221.55',0,NULL,'gouVg174eVZKG7IiUt8Us59tyMMBNko9bY3uWe8PwW2QkDdh3YIJpOH4g6kt',NULL,'2019-12-21 06:10:05','2020-02-05 06:44:31'),(92,'544769401','ฺ ฺ','https://sun9-21.userapi.com/c858532/v858532230/62f80/yNt_WMsOnPw.jpg?ava=1',0.00,0,'5.138.11.216','5.138.11.216',0,NULL,'5JIzYplTiYiZHEl6lQdLQDUdLJxAO1tc2sN0KcGBko0oT7oelsnlWMDNEIWm',NULL,'2019-12-21 08:53:51','2019-12-21 11:53:51'),(93,'173970161','Кирилл Лезин','https://sun9-65.userapi.com/c628830/v628830161/35039/cGViHf-4R4o.jpg?ava=1',0.00,0,'5.199.209.110','5.43.150.93',0,NULL,'i2ptsdECRGMn1WbX1KH5OSomx4vdVTPMJPiXy6ucCRbstxnQ8EZjjp2ggAxq',NULL,'2019-12-22 16:36:51','2020-02-13 03:34:40'),(94,'208160046','Олег Дмитриев','https://sun9-16.userapi.com/c849420/v849420783/15f51e/mfol7eHByMM.jpg?ava=1',0.00,0,'2a00:1370:8123:b938:6956:d062:8446:cfbf','2a00:1370:8123:b938:6956:d062:8446:cfbf',0,NULL,'1mGOpok27hhTWlPV3i0M3PspFOFI05V4mvG0JEwIBOAWzoHPzlsaXu7GOGbg',NULL,'2019-12-26 08:45:28','2019-12-26 11:45:28'),(95,'554427939','Сабит Бектуров','https://sun9-51.userapi.com/c200520/v200520251/25ca9/TOkVqAHId3U.jpg?ava=1',0.00,0,'178.121.10.83','178.121.10.83',0,NULL,'Jz8qK8EANG7l7Dae8L3QiJtcTBt9L67dXtfSFQGEkBbjcR9kZV9Mksax3kBA',NULL,'2020-01-09 09:37:42','2020-01-09 12:37:42'),(96,'535083079','Two Lines','https://sun9-24.userapi.com/c845524/v845524547/1c8a8e/ZBrfng8bCLg.jpg?ava=1',0.00,0,'77.222.100.94','77.222.100.94',0,NULL,'eFtcnSodV6FAMtpYFzcy8vDmEvBDT22OWzTh8tIaN1MTxFT5JgF8gaO9cupF',NULL,'2020-01-09 09:54:16','2020-01-09 12:54:16'),(97,'163848106','Андрей Красильников','https://sun9-2.userapi.com/c837625/v837625106/3ca1e/b0en1Cgjb9k.jpg?ava=1',0.00,0,'37.113.60.244','37.113.60.244',0,NULL,'TlhEIB70sVGPAe5aPlARxdj8LvvJWNrnTAWXgQponOnAH4JzdhQLjtEnPyUe',NULL,'2020-01-09 11:17:02','2020-01-09 14:17:02'),(98,'573196655','Декабрь Белый','https://sun9-11.userapi.com/c855236/v855236078/1ae13e/SH0BnuNr1gM.jpg?ava=1',0.00,0,'46.191.242.217','46.191.242.217',0,NULL,'E7mlDMX6G726DxpyfABoi4BiohVNLwWR8Q4ExMceke5zWPIjRfn5NirWbZIA',NULL,'2020-01-09 15:19:55','2020-01-10 13:21:58'),(99,'459100887','Билал Алиханов','https://sun9-54.userapi.com/c850532/v850532439/4b637/D3vG3Yj2hCw.jpg?ava=1',0.00,0,'85.140.1.12','85.140.1.12',0,NULL,'1rB4hE8Me9KLqPjQQN0Ac5WJxHukymLV6lGoWLCy8BMI7dlb2qYY9SmmZ52t',NULL,'2020-01-10 03:12:15','2020-01-10 06:12:15'),(100,'287017468','Марк Бутин','https://sun9-14.userapi.com/c633221/v633221468/29a7c/xU0XA3JTZWY.jpg?ava=1',0.00,0,'37.252.11.128','37.252.11.128',0,NULL,'mkj3lOgqprRAIkdq9vTREUnpUw96GkZL8PDNtHbxAdda250a1f1rERWKS0zS',NULL,'2020-01-10 19:31:42','2020-01-10 22:31:42'),(101,'524311963','Николай Смирнов','https://sun9-63.userapi.com/c857120/v857120331/a0e50/7VUsNW37J84.jpg?ava=1',0.00,0,'95.73.22.28','95.73.22.28',0,NULL,'PKlwvxClEPN3KBWx7PN8FQKdCLpTQOpL3BzicXIE3yMu07pwS2c04tXFuODY',NULL,'2020-01-11 00:41:24','2020-01-11 03:41:24'),(102,'165343203','Роман Белый','https://sun9-53.userapi.com/c633323/v633323203/27d5f/UsQK1Oxd_Jo.jpg?ava=1',0.00,0,'46.147.180.34','176.59.96.163',0,NULL,'ZdMntCgQKypC8ZvsSUkSZPStu15UJt24aXAnlXsD0xWlWHtKfmWlomZzQsD4',NULL,'2020-01-12 08:20:42','2020-01-12 13:56:25'),(103,'158266975','Влад Шаманов','https://sun9-56.userapi.com/c850124/v850124226/1d2e69/_Q-MySsDnmw.jpg?ava=1',0.00,0,'37.214.11.88','37.214.11.88',0,NULL,'yrdnfm1UwTD1oonRRjngkVQK70SRV3OlK8haRhzDcKeZfFsoM8nCOgcIoSR8',NULL,'2020-01-12 10:08:05','2020-01-12 13:08:05'),(104,'420007476','Николай Кодов','https://sun9-26.userapi.com/c851016/v851016619/1b0da1/-EXalkORKz8.jpg?ava=1',0.00,0,'46.48.91.237','46.48.91.237',0,NULL,'dgH4PmbnRemeu5eRtYKj1J8eJ7r6s3CDM35Vffksh9xWoBWf5BYIbKJdmaq8',NULL,'2020-01-12 23:47:46','2020-01-13 02:47:46'),(105,'178574310','Максим Куркин','https://sun9-44.userapi.com/c850528/v850528897/1d02d4/m3mY9pRYZW8.jpg?ava=1',0.00,0,'87.117.58.234','87.117.58.234',0,NULL,'v8gcQ8002ZxP26XPa4d40lSkk1TGK2lNk5eGIcZG68gv6v4T3BL9fkKhJfw6',NULL,'2020-01-14 14:50:30','2020-01-14 17:50:30'),(106,'183374455','Данила Харьков','https://sun9-10.userapi.com/c844724/v844724027/26beb/Z-akFJLdJwM.jpg?ava=1',0.00,0,'88.147.173.52','217.118.90.156',0,NULL,'fovrN25Pc9Opa7QmMJSdKiZVgmJENoJzD9nimGNOWAraZw10cQr1U66g7mPX',NULL,'2020-01-15 13:07:02','2020-01-15 13:16:28'),(107,'241629249','Ерофей Голышев','https://sun9-36.userapi.com/c854016/v854016352/73a7b/c_7Oqg3HAIE.jpg?ava=1',0.00,0,'77.35.147.183','77.35.147.183',0,NULL,'fP0o1f8xYjwafoZaR4FxkbmH8wBt7iOuHheunc9pqXiCZSO9LiteMRB1uFyP',NULL,'2020-01-19 06:33:57','2020-01-19 09:33:57'),(108,'242759986','Кирилл Львов','https://sun9-65.userapi.com/c630218/v630218986/41b5/jFdGrrzzFWE.jpg?ava=1',0.00,0,'37.214.10.136','37.214.10.136',0,NULL,'aO3L0P828TrhR0xhBkVwpfz28VyWO36GXB4SWyxUAW49uL7S970MtwoF1rVb',NULL,'2020-01-19 06:34:58','2020-01-19 09:34:58'),(109,'489114834','Никита Родзик','https://sun9-8.userapi.com/c857416/v857416181/149b71/GSKcgTsYNWk.jpg?ava=1',0.00,0,'95.46.105.195','95.46.105.195',0,NULL,'VlJBi8VQ4CFDrMDaB4HzPmLb3m4OG6z4lWSuujADi4kfbHKlvSRQvPKNBbG6',NULL,'2020-01-19 09:58:32','2020-01-19 12:59:24'),(110,'182303566','Олег Смирнов','https://sun9-61.userapi.com/c623430/v623430566/46c04/SMqdK8uU29U.jpg?ava=1',0.00,0,'37.147.127.159','37.147.127.159',0,NULL,'BUoqsDJgqBxJGjiCEaHLzTG5okiPSUKT4Fdm13GSXaDKICf6dbGs93oE8aG8',NULL,'2020-01-20 08:25:41','2020-01-20 11:25:41'),(111,'539678080','Сергей Руслановыч','https://sun9-46.userapi.com/c844418/v844418480/1e19f6/2h40f5xEg0w.jpg?ava=1',0.00,0,'188.225.36.65','188.225.36.65',0,NULL,'gHcPwGfRk9dubPCntl12We9mOygUkH6m69uaNHQhztoYwEaylMpZyGxQx4fm',NULL,'2020-01-22 05:54:00','2020-01-22 08:54:00'),(112,'162526830','Максим Андреевич','https://vk.com/images/camera_200.png?ava=1',0.00,0,'82.208.115.197','82.208.115.197',0,NULL,'9dUlfBcmTIAqMKGjzW6Nr9RyMp0OOacRDdnj3g9e4mRzZLgVbXdU5pZ6KSQ6',NULL,'2020-01-22 06:27:37','2020-01-22 06:27:40'),(113,'257486302','Никита Лавошник','https://sun9-68.userapi.com/c855332/v855332104/dce72/tLAQQQfAlE0.jpg?ava=1',0.00,0,'145.255.22.111','145.255.22.111',0,NULL,'XRyFZsVXsVQ9qCrt5yCvsYJoPPzYUJb6aFozxeMsiCcytdSeA2xAXxvtBCle',NULL,'2020-01-24 14:59:29','2020-01-24 14:59:38'),(114,'178681486','Erik Ghazaryan','https://sun9-25.userapi.com/c850628/v850628680/2cfe7/barFQOpvlqc.jpg?ava=1',10.00,0,'37.252.94.248','37.252.94.248',0,NULL,'wB5XWxLkyaLP7T6Ux8RX6xOiVg1sE49bgn5iIVaHlQ1MtyPu3RBWSW2uOdZc',NULL,'2020-01-26 05:59:25','2020-01-26 06:43:05'),(115,'500889102','Lif Ted','https://vk.com/images/camera_200.png?ava=1',0.00,0,'41.190.3.26','41.190.3.26',0,NULL,'QqfRVGReTudRvXLVt7kv2gGDv5m8fJWt0a1PB9vFJKVX5akDGJyfmRWMEy8w',NULL,'2020-01-26 14:13:01','2020-01-26 14:21:48'),(116,'335678937','Серик Бисимбаев','https://sun9-9.userapi.com/c847122/v847122553/16ec6a/OhRhCYEBDc4.jpg?ava=1',0.00,0,'188.18.225.53','188.18.225.53',0,NULL,'l7JpOSjhwomOPBjZKgA9cTijohQdkwS9HUdsk2j6zm7AtnbGfl4Bgmsk6dSq',NULL,'2020-01-27 18:20:50','2020-01-27 21:20:50'),(117,'456185847','Edward Alderson','https://sun9-62.userapi.com/c846124/v846124498/9a85f/IyxqE2CbGuE.jpg?ava=1',0.00,0,'2.60.32.87','2.60.32.87',0,NULL,'TEWJ0n0QAJieAlNdOOno2IxvEJXz3wLixJi3tg4U8kzNxkQLMrHSC3A77po4',NULL,'2020-01-28 10:58:55','2020-01-28 13:58:55'),(118,'54483103','Денис Колодяжный','https://sun9-64.userapi.com/c858128/v858128119/53529/_jEaDI2yz_A.jpg?ava=1',0.00,0,'31.173.243.48','31.173.243.48',0,NULL,'OVe8yOap6C20rijg5uV2DP02YpSs0qgGzuVpzDTZyqhR12FxkBUFzpkzGZ8f',NULL,'2020-01-28 13:33:32','2020-01-28 13:33:45'),(119,'487672074','Дмитрий Зубков','https://sun9-23.userapi.com/c855736/v855736903/1cb184/FI1G3HzliVQ.jpg?ava=1',0.00,0,'31.173.243.84','31.173.243.84',0,NULL,'80Rdqf2Bj2ae4QYsLB0qpzKSQ6TIRG4HJw7vxSjjFB78Zpwu7t3QXDfbij9d',NULL,'2020-01-28 13:34:57','2020-01-28 13:35:28'),(120,'123568195','Вячеслав Реутов','https://sun9-8.userapi.com/c849320/v849320181/e076/xDuYKa0ugrI.jpg?ava=1',0.00,0,'88.200.214.77','88.200.214.77',0,NULL,'CGTX38ROGcXdkyHMXmJoEIoxfKULnXPAG4xF6xtchec5cJpuaoKtpquGox2s',NULL,'2020-01-28 14:14:06','2020-01-28 17:14:06'),(121,'421496841','Even Braun','https://sun9-2.userapi.com/c639325/v639325841/111f5/r5Q7tuH9X18.jpg?ava=1',0.00,0,'85.140.1.49','92.39.221.55',0,NULL,'SYnvoi8hQHK6h1fqGzqbQKUDqd4ne5EdfgyLZGeaNe8wFldAUplJ4yV6gOGl',NULL,'2020-01-28 19:45:25','2020-02-02 19:23:50'),(122,'568596803','Tuf Tuf','https://sun9-27.userapi.com/c855028/v855028187/158161/8Ela0wrIu-k.jpg?ava=1',0.00,0,'78.85.4.239','78.85.4.239',0,NULL,'zXFiYzUcpfmfYE9qaE1tySoFu6aIsPSFRjgWbwiaLsBCzqtpRLPc7msuUv0J',NULL,'2020-01-29 09:12:07','2020-01-29 09:12:09'),(123,'467818606','Vlad Gribincea','https://vk.com/images/camera_200.png?ava=1',0.00,0,'83.114.57.84','83.114.57.84',0,NULL,'jj3RloPgGqXyEcHT0bvIwpQ9I4nZa2BVXQ8Z09uWu9yAVaZUd9O9IW2FrzU0',NULL,'2020-01-30 11:26:59','2020-01-30 22:00:15'),(124,'394781308','Александр Физов','https://sun9-56.userapi.com/c858328/v858328661/15273a/9HCAN7mbjDo.jpg?ava=1',0.00,0,'193.106.56.44','193.106.56.44',0,NULL,'phLnj3D3SOFBMjZfPuv0Uuh48nL5XiFDYPSD4F9gTC9u6lXJd3fpjfD8HyMe',NULL,'2020-01-31 04:43:56','2020-01-31 07:43:56'),(125,'545721974','Musoxon Latipov','https://sun9-43.userapi.com/c858332/v858332614/d6044/SAX-zYt8Czo.jpg?ava=1',0.00,0,'188.113.211.9','188.113.211.9',0,NULL,'XWrBZLyglhYERTW2F3XcAwfAgGYprXskRnXxmeugWFaUb6LWKt3vvH4boKGR',NULL,'2020-01-31 06:32:55','2020-01-31 09:32:55'),(126,'220603425','Леван Шаинов','https://sun9-32.userapi.com/c856520/v856520770/45d40/BcnMGBEhueI.jpg?ava=1',0.00,0,'85.114.229.195','85.114.229.195',0,NULL,'awOQGm3ZG9mD504bWBmO3N0X5GQdZt9NGZAmk2M6RyMCSNhtc4bhKInEHzr5',NULL,'2020-01-31 16:19:30','2020-01-31 19:19:30'),(127,'372223507','Гоша Андреев','https://sun9-64.userapi.com/c824604/v824604337/750e4/tOnWN37YQlo.jpg?ava=1',0.00,0,'89.151.179.9','89.151.179.9',0,NULL,'wK1AP52JbV3d1tFEpSzzSbqYOnh6DhTqxjzRGd0ikJ0g4CSoWshlcd5ume0C',NULL,'2020-02-01 07:13:35','2020-02-01 10:13:35'),(128,'502916505','Дмитрий Иванов','https://sun9-61.userapi.com/c853516/v853516107/1d6e4f/K-wPPCA7bxU.jpg?ava=1',0.00,0,'188.168.154.152','188.168.154.152',0,NULL,'dfxDmZG4PbPL8UDwisfOyJ1832gNk401iaMhLGGosiFnzGW5A824ZTth8c24',NULL,'2020-02-01 08:12:03','2020-02-01 11:12:03'),(129,'350892373','Dias Iskakov','https://sun9-20.userapi.com/c858124/v858124998/e13e1/x6q22j2s-cI.jpg?ava=1',0.00,0,'109.229.180.247','109.229.167.74',0,NULL,'oxvzz2QItumCRZgFjAJY1eMI9mcHuSy6aGibeC7aNktoXTV2Y0UzaP0BsuYu',NULL,'2020-02-01 08:21:05','2020-02-01 10:15:56'),(130,'218657062','Станислав Верховетский','https://sun9-22.userapi.com/c830400/v830400091/17276e/iOUwavUgtnw.jpg?ava=1',0.00,0,'194.242.97.88','194.242.97.88',0,NULL,'AK1BGIuTJtEbXWK58VAwi6UW4b8m9kXYiCmLFtvJ0DEYyMLib5mmMM7qkKLi',NULL,'2020-02-02 15:50:11','2020-02-02 16:21:48'),(131,'437853240','Василий Расстригин','https://sun9-68.userapi.com/c841538/v841538389/17dd7/3GuWAdGxClw.jpg?ava=1',0.00,0,'91.77.162.59','91.77.162.59',0,NULL,'aaKkmUUSZXEfQwKlggmlwGF90tqj8JRyB78QWkmBR6crbKA6HRbHJjW4HOVy',NULL,'2020-02-02 15:52:14','2020-02-02 15:52:21'),(132,'580013920','Владимир Путин','https://sun9-41.userapi.com/c200828/v200828319/5371d/7amly5JJFgE.jpg?ava=1',0.00,0,'178.155.5.92','178.155.5.92',0,NULL,'s6CwmzexgB3pKRKRgEuXdx6FIFzIIrwoiDQ6ujtY5WEdOMTsXxmLepVm3D3a',NULL,'2020-02-02 16:02:00','2020-02-02 19:02:00'),(133,'342011793','Nikita Nikita','https://sun9-48.userapi.com/c855232/v855232758/c1db5/TrozBBnaZDs.jpg?ava=1',0.00,0,'188.191.126.170','188.191.126.170',0,NULL,'Dj4YLwoZL3RTMAMNmCugp0igqYBUJxBilYKOt6dXLusgxvw6BdRicIKbyL1N',NULL,'2020-02-03 09:40:58','2020-02-03 12:40:58'),(134,'229729925','Дмитрий Пироженко','https://sun9-48.userapi.com/c850416/v850416102/19774c/MvTC8Rfy2ls.jpg?ava=1',0.00,0,'109.162.49.95','109.162.49.95',0,NULL,'iowkakrqTidEynNjjUav66dXPF6P0e18NEeRiIqZ5fzDUY8A71pNwRD0SpGy',NULL,'2020-02-04 11:24:33','2020-02-04 14:24:33'),(135,'581615305','Kurt Kaspava','https://vk.com/images/camera_200.png?ava=1',0.00,0,'5.62.18.86','5.62.18.86',0,NULL,'LRg2av8Tdx8g41D9oDnAd9RWVjd1xGiJezMy5aAtp9QlRzO7fSVDYuxyHegP',NULL,'2020-02-04 23:12:36','2020-02-05 02:12:36'),(136,'175266353','Тёма Боров','https://sun9-3.userapi.com/c847016/v847016754/1a123a/UCffKnQSOVQ.jpg?ava=1',0.00,0,'78.84.96.253','78.84.96.253',0,NULL,'7JNMl0LfMAvwdHt4mRf60LzhOdpCvkfxfVozRS84GbKZQDoMYkyvcqw2lDVA',NULL,'2020-02-05 17:28:33','2020-02-05 20:28:33'),(137,'581725868','Denys Sim','https://sun9-34.userapi.com/c858232/v858232999/17632a/wMDxJ4_wA18.jpg?ava=1',0.00,0,'109.248.200.189','109.248.200.189',0,NULL,'NOtlh2W7Z0RVB0iNrlp2iNZeoaaCdESxHr2sgnUQ4kUJZvMuSicuxPbWUkNU',NULL,'2020-02-05 18:33:30','2020-02-05 21:33:30'),(138,'56439761','Дмитрий Волков','https://sun9-8.userapi.com/c837620/v837620756/5103d/Xj13K8zQWl4.jpg?ava=1',0.00,0,'92.127.231.9','92.127.231.9',0,NULL,'ow43ki61CUGZ7whlvrzDj30xsfSlpGnrUolG99jQFjtJ4wqugGR2LZi6IG7h',NULL,'2020-02-06 08:54:07','2020-02-06 11:54:07'),(139,'123504365','Костя Яковлев','https://sun9-43.userapi.com/c850236/v850236024/1b13b8/ruysn1_8nIw.jpg?ava=1',0.00,0,'94.181.94.33','94.181.94.33',0,NULL,'3NvK3LKb7Au3oTlgtxroK5h1Z9McQpiMrMPkdO5JcP2sXAP6MudA6WQJNaef',NULL,'2020-02-06 19:22:29','2020-02-06 22:22:29'),(140,'559194819','Pirate Treasure','https://sun9-22.userapi.com/c857020/v857020646/a4ba9/EgSAr57BWfA.jpg?ava=1',0.00,0,'2.132.81.9','2.132.81.9',0,NULL,'BNtlcXwVe4TxY9GH3dhKLRDEyCTXm4vXJce5NTBC91ppbmVS9dipIfjWADHv',NULL,'2020-02-07 09:40:36','2020-02-07 12:40:36'),(141,'341192481','Стенли Ксен','https://sun9-5.userapi.com/c846021/v846021403/19b8f6/jhVbKJw0YlI.jpg?ava=1',0.00,0,'109.121.213.206','109.121.213.206',0,NULL,'FdmRysBDx0QfNxoArClWislETUTpgHMGbl4IX8DxpNQPmgngKZk2rpYF8L9o',NULL,'2020-02-07 15:44:32','2020-02-07 18:44:32'),(142,'454400496','D-A V-O','https://vk.com/images/camera_200.png?ava=1',0.00,0,'81.95.230.99','89.146.85.44',0,NULL,'suRyviCGaWK4XisbrC8QP7ZdyMC4QZd46ZDXVxwKazdeM0zZEUC3tPoaQX7a',NULL,'2020-02-08 05:56:27','2020-02-17 12:42:18'),(143,'459235204','Дєня Соколов','https://sun9-54.userapi.com/c857736/v857736300/164213/7zrJ74h-Kfk.jpg?ava=1',0.00,0,'46.160.11.68','46.160.11.68',0,NULL,'bHT8jIz20hhHccnAo1CszwsEpmpVQpyqZ9buNNUJmZSmVREV98O2gjIp4SLi',NULL,'2020-02-08 15:17:05','2020-02-08 18:22:25'),(144,'289192423','Денис Еникеев','https://sun9-47.userapi.com/c204524/v204524260/42255/lkbSIL97XZY.jpg?ava=1',2011.00,0,'95.153.128.5','95.153.128.5',0,NULL,'XfFbeQ6lqut8rCwNYyDoSzeaLSw59Lmh1Rk0aAe449EI30LniFfxHUBFPHi0',NULL,'2020-02-09 05:14:09','2020-02-27 17:45:17'),(145,'422745827','Максим Вжухович','https://sun9-44.userapi.com/c848616/v848616457/17325a/Rwot5505Uhs.jpg?ava=1',0.00,0,'5.16.125.101','5.16.125.101',0,NULL,'IO1euX5Tg0XPLv1SZAFpwglFqy16cBFzmc5VWhYudwZdKkRSdPmOTkTGAOVX',NULL,'2020-02-11 17:21:06','2020-02-11 20:21:06'),(146,'546674311','Никита Корнеев','https://sun9-9.userapi.com/c857028/v857028029/aa0bc/09c_aKMVVr4.jpg?ava=1',0.00,0,'185.43.191.67','185.43.191.67',0,NULL,'ozCzfcK5nBCweBBvZKW7pak5lIYv3E5iaP9754jJ44M7qazqPr6c9kxQfBhL',NULL,'2020-02-12 11:38:20','2020-02-12 14:38:20'),(147,'534256212','Янис ПРО','https://sun9-37.userapi.com/c205724/v205724818/56df4/2omaXj0cFs4.jpg?ava=1',0.00,0,'37.213.9.1','37.213.9.1',0,NULL,'CAnIRydc0sVYBWOUJ9Nmk64m9yMtfsBFz7nEx8tRBGPkA3s2lJSJpvh09YFW',NULL,'2020-02-13 11:55:18','2020-02-13 14:55:18'),(148,'518750339','Дима Жучков','https://sun9-8.userapi.com/c857720/v857720573/17d76b/Ove4HhSNKvI.jpg?ava=1',0.00,0,'188.114.29.175','188.114.29.175',0,NULL,'450d5zQiCM3N8dfldSP8OhwVQgcxTp1i6fe6GGousC5ggpiCzc7Pbt34XBls',NULL,'2020-02-14 08:33:16','2020-02-14 11:33:16'),(149,'312985497','Максим Швидкий','https://sun9-32.userapi.com/c204616/v204616541/5c847/yg7gldVcObI.jpg?ava=1',0.00,0,'23.111.19.182','23.111.19.182',0,NULL,'aMTTJFTFrHC3RFQaBYKw7VqthHh8svM4bCX6nwt2tkXVpu7S2asXk9j3mLEy',NULL,'2020-02-14 11:58:19','2020-02-14 16:45:46'),(150,'397865615','Дмитрий Артёменко','https://sun9-14.userapi.com/c856128/v856128792/176e99/6ZiPb0He0Aw.jpg?ava=1',0.00,0,'213.227.140.212','213.227.140.212',0,NULL,'WwFA0rVczPT0UYishoMICPIvGY50UvSuQCqUSDCVvJMQDBfX18wMEn8V5M5b',NULL,'2020-02-15 03:08:34','2020-02-15 06:08:34'),(151,'357601866','Давид Оганесян','https://sun9-63.userapi.com/c858124/v858124035/8e637/T328q7eTjmU.jpg?ava=1',0.00,0,'185.99.5.208','185.10.173.39',0,NULL,'Y5mwAFEJg1gglJI5Uo1GZg9Fqycn8x3HhqF1h9Hn8FTCgHUM4L76NfzsCA0y',NULL,'2020-02-16 00:48:04','2020-02-17 16:24:49'),(152,'191254187','Валерий Кузнец','https://sun9-66.userapi.com/c624029/v624029187/11f31/DyCtgt2kGeA.jpg?ava=1',0.00,0,'62.113.118.249','62.113.118.249',0,NULL,'ytnIMTbKBjlzPePxAQjYzE9mpMXJ4fSukxJgV4fYPQ7ihOJRsBNvfB1QzBOy',NULL,'2020-02-16 04:10:57','2020-02-16 07:10:57'),(153,'566731161','Ota Baba','https://sun9-33.userapi.com/c854324/v854324142/13a872/9POTjRJ7y-Q.jpg?ava=1',0.00,0,'213.230.79.216','213.230.79.216',0,NULL,'O9aAmohVNsOrKFHPFXjZzzrchWHemwNyhukVXbOfBx6VUJCBBhNiB3kazJM2',NULL,'2020-02-18 05:47:53','2020-02-18 08:47:53'),(154,'194860067','Кирилл Кондратьев','https://sun9-35.userapi.com/c857736/v857736573/121d3e/KPlJqkT6_HY.jpg?ava=1',0.00,0,'90.151.135.78','90.151.135.78',0,NULL,'o7Qrox0c6E8l0lJFLzUlnLyUjZUGAJtB9vPIeCLvEgKKq5rALTjZ43UPjQsg',NULL,'2020-02-19 15:03:32','2020-02-19 18:03:32'),(155,'7195772','Александр Рубинов','https://sun9-61.userapi.com/c607930/v607930772/4ecf/QyRCwVqJ7SE.jpg?ava=1',0.00,0,'94.140.143.124','94.140.143.124',0,NULL,'KdQLMhTXWw1cLzi3WzJkDjmbVlyjpS5QfFXvf7Nf3VnRHOF6tqxlIDJgylHh',NULL,'2020-02-21 15:10:52','2020-02-21 18:10:52'),(156,'31534170','Анатолий Тимошеев','https://sun9-13.userapi.com/c855528/v855528334/1ce288/lCVgYD0xVGk.jpg?ava=1',0.00,0,'109.194.216.170','109.194.216.170',0,NULL,'IjDm82dkXMsSJlF9MMJPMpWjD06RSmMy1IJSkrBiAubGLpiea9ggeMOkwwmS',NULL,'2020-02-21 16:28:29','2020-02-21 19:28:29'),(157,'321223555','Владимир Кот','https://sun9-31.userapi.com/c858428/v858428896/f5c5e/hmqkqE-ef0k.jpg?ava=1',0.00,0,'5.167.144.51','5.167.144.51',0,NULL,'geYOM1sUYvNmLDy0syy28kiIuYXW42pqkI3biKLiLishm6SU8QOzblg5CLQg',NULL,'2020-02-22 04:59:26','2020-02-22 07:59:26'),(158,'547994192','Hoang Trang','https://sun9-11.userapi.com/c851228/v851228782/13f1ac/UbqRpa4H8-0.jpg?ava=1',0.00,0,'113.168.81.113','113.168.81.113',0,NULL,'PqwSIMh291pAYcd2y98mZ2QPrc95LnqJEKmp9W7s3igAqn0FFGg9Exo36zZF',NULL,'2020-02-23 12:31:53','2020-02-23 20:56:36'),(159,'485728187','Некто Нектович','https://vk.com/images/camera_200.png?ava=1',0.00,0,'176.196.90.145','176.196.90.145',0,NULL,'GtXCqKlFinCeeOeVk59wXUJ45SVzpNT20hzGaSmADumAHkU9o6NaGfd5YJHU',NULL,'2020-02-24 09:45:51','2020-02-24 12:45:51'),(160,'374188352','Данил Шафоростов','https://sun9-55.userapi.com/c849424/v849424691/67d64/3chYSh0SAAE.jpg?ava=1',10.00,0,'176.195.236.226','176.195.236.226',0,NULL,'TQg1BXieofjHB839LZ4QH3x7TBZ41bwNKh08pGs84MhMLvzz5MfZHWnbNcES',NULL,'2020-02-25 11:30:16','2020-02-27 17:45:08'),(161,'140909147','Илья Алексеев','https://sun9-50.userapi.com/c858016/v858016992/11417e/PXpNRzNtjg0.jpg?ava=1',0.00,0,'89.151.179.236','89.151.179.236',0,NULL,'gBXbYtacWZS7Eifxc7vWgseYCQkLgGspiKMhpAKQLBEeOLnFeHxIqii2p7Wg',NULL,'2020-02-26 14:18:44','2020-02-26 17:18:44'),(162,'489979991','Максим Приложнев','https://sun9-45.userapi.com/c852036/v852036501/4216/2zuOPdmMkF0.jpg?ava=1',0.00,0,'188.170.81.188','46.160.18.230',0,NULL,'LljG980eTQhxQA3ooXqKeFrjt78aVbTVOw4LxWBkzajYmiVVnmqARoKb2NeW',NULL,'2020-02-27 03:07:06','2020-02-27 13:13:03'),(163,'511603329','Maks Maks','https://sun9-33.userapi.com/c855332/v855332693/202e3f/_YoknRJqjpY.jpg?ava=1',0.00,0,'31.173.240.190','31.173.240.190',0,NULL,'uhYeFVfxLmDFOHrSU5IcmrGvCfBODcTnssTflQl0aMn4di9MEBabaOW8AkQB',NULL,'2020-02-27 16:56:36','2020-02-27 19:56:36');
/*!40000 ALTER TABLE `users` ENABLE KEYS */;
UNLOCK TABLES;

--
-- Dumping routines for database 'a0330028_webgamestore'
--
/*!50112 SET @disable_bulk_load = IF (@is_rocksdb_supported, 'SET SESSION rocksdb_bulk_load = @old_rocksdb_bulk_load', 'SET @dummy_rocksdb_bulk_load = 0') */;
/*!50112 PREPARE s FROM @disable_bulk_load */;
/*!50112 EXECUTE s */;
/*!50112 DEALLOCATE PREPARE s */;
/*!40103 SET TIME_ZONE=@OLD_TIME_ZONE */;

/*!40101 SET SQL_MODE=@OLD_SQL_MODE */;
/*!40014 SET FOREIGN_KEY_CHECKS=@OLD_FOREIGN_KEY_CHECKS */;
/*!40014 SET UNIQUE_CHECKS=@OLD_UNIQUE_CHECKS */;
/*!40101 SET CHARACTER_SET_CLIENT=@OLD_CHARACTER_SET_CLIENT */;
/*!40101 SET CHARACTER_SET_RESULTS=@OLD_CHARACTER_SET_RESULTS */;
/*!40101 SET COLLATION_CONNECTION=@OLD_COLLATION_CONNECTION */;
/*!40111 SET SQL_NOTES=@OLD_SQL_NOTES */;

-- Dump completed on 2020-02-29 19:52:26
